"1	bc017.source.aa"
"2	bc018.source.aa"
"3	bc019.source.aa"
"4	bc020.source.aa"
"5	bc021.source.aa"
"6	bc022.source.aa"
"7	bc023.source.aa"
"8	bc024.source.aa"
"9	bc025.source.aa"
"10	bc026.source.aa"
"11	bc027.source.aa"
"12	bc028.source.aa"
"13	bc029.source.aa"
"14	bc030.source.aa"
"15	bc031.source.aa"
"16	bc032.source.aa"
"17	bc033.source.aa"
"18	bc034.source.aa"
"19	bc035.source.aa"
"20	bc036.source.aa"
"21	bc037.source.aa"
"22	bc038.source.aa"
"23	bc039.source.aa"
"24	bc040.source.aa"
"25	bc041.source.aa"
"26	bc042.source.aa"
"27	bc043.source.aa"
"28	bc044.source.aa"
"29	bc045.source.aa"
"30	bc046.source.aa"
"31	bc064.source.aa"
"32	bc065.source.aa"
"33	bc066.source.aa"
"34	bc067.source.aa"
"35	bc068.source.aa"
"36	bc069.source.aa"
"37	bc070.source.aa"
"38	bc071.source.aa"
"39	bc072.source.aa"
"40	bc073.source.aa"
"41	bc074.source.aa"
"42	bc075.source.aa"
"43	bc076.source.aa"
"44	bc077.source.aa"
"45	bc078.source.aa"
"46	bc079.source.aa"
"47	bc080.source.aa"
"48	bc081.source.aa"
"49	bc082.source.aa"
"50	bc083.source.aa"
"51	bc084.source.aa"
"52	bc085.source.aa"
"53	bc086.source.aa"
"54	bc087.source.aa"
"55	bc088.source.aa"
"56	bc089.source.aa"
"57	bc090.source.aa"
"58	bc091.source.aa"
"59	bc092.source.aa"
"60	bc093.source.aa"
"61	bc094.source.aa"
"62	bc095.source.aa"
"63	bc096.source.aa"
"64	bc097.source.aa"
"65	bc098.source.aa"
"66	bc099.source.aa"
"67	bc100.source.aa"
"68	bc101.source.aa"
"69	bc102.source.aa"
"70	bc103.source.aa"
"71	bc104.source.aa"
"72	bc105.source.aa"
"73	bc106.source.aa"
"74	bc107.source.aa"
"75	bc108.source.aa"
"76	bc109.source.aa"
"77	bc110.source.aa"
"78	bc111.source.aa"
"79	bc112.source.aa"
"80	bc113.source.aa"
"81	bc114.source.aa"
"82	bc115.source.aa"
"83	bc116.source.aa"
"84	bc117.source.aa"
"85	bc118.source.aa"
"86	bc119.source.aa"
"87	bc120.source.aa"
"88	bc121.source.aa"
"89	bc122.source.aa"
"90	bc123.source.aa"
"91	bc124.source.aa"
"92	bc125.source.aa"
"93	bc126.source.aa"
"94	bc127.source.aa"
"95	bc128.source.aa"
"96	bc129.source.aa"
"97	bc130.source.aa"
"98	bc131.source.aa"
"99	bc132.source.aa"
"100	bc133.source.aa"
"101	bc134.source.aa"
"102	bc135.source.aa"
"103	bc136.source.aa"
"104	bc137.source.aa"
"105	bc138.source.aa"
"106	bc139.source.aa"
"107	bc140.source.aa"
"108	bc141.source.aa"
"109	bc142.source.aa"
"110	bc143.source.aa"
"111	bc144.source.aa"
"112	bc145.source.aa"
"113	bc146.source.aa"
"114	bc147.source.aa"
"115	bc148.source.aa"
"116	bc149.source.aa"
"117	bc150.source.aa"
"118	bc151.source.aa"
"119	bc152.source.aa"
"120	bc153.source.aa"
"121	bc154.source.aa"
"122	bc155.source.aa"
"123	bc156.source.aa"
"124	bc157.source.aa"
"125	bc158.source.aa"
"126	bc159.source.aa"
"127	bc160.source.aa"
"128	bc161.source.aa"
"129	bc162.source.aa"
"130	bc163.source.aa"
"131	bc164.source.aa"
"132	bc165.source.aa"
"133	bc166.source.aa"
"134	bc167.source.aa"
"135	bc168.source.aa"
"136	mc001.source.aa"
"137	mc002.source.aa"
"138	mc003.source.aa"
"139	mc004.source.aa"
"140	mc005.source.aa"
"141	mc006.source.aa"
"142	mc007.source.aa"
"143	mc008.source.aa"
"144	mc009.source.aa"
"145	mc010.source.aa"
"146	mc011.source.aa"
"147	mc012.source.aa"
"148	mc013.source.aa"
"149	mc014.source.aa"
"150	mc015.source.aa"
"151	mc016.source.aa"
"152	mc017.source.aa"
"153	mc018.source.aa"
"154	mc019.source.aa"
"155	mc020.source.aa"
"156	mc021.source.aa"
"157	mc022.source.aa"
"158	mc023.source.aa"
"159	mc024.source.aa"
"160	mc025.source.aa"
"161	mc026.source.aa"
"162	mc027.source.aa"
"163	mc028.source.aa"
"164	mc029.source.aa"
"165	mc030.source.aa"
"166	mc031.source.aa"
"167	mc032.source.aa"
"168	mc033.source.aa"
"169	mc034.source.aa"
"170	mc035.source.aa"
"171	mc036.source.aa"
"172	mc037.source.aa"
"173	mc038.source.aa"
"174	mc039.source.aa"
"175	mc040.source.aa"
"176	mc041.source.aa"
"177	mc042.source.aa"
"178	mc043.source.aa"
"179	mc044.source.aa"
"180	mc045.source.aa"
"181	mc046.source.aa"
"182	mc047.source.aa"
"183	mc048.source.aa"
"184	mc049.source.aa"
"185	mc050.source.aa"
"186	mc051.source.aa"
"187	mc052.source.aa"
"188	mc053.source.aa"
"189	mc054.source.aa"
"190	mc055.source.aa"
"191	mc056.source.aa"
"192	mc057.source.aa"
"193	mc058.source.aa"
"194	mc059.source.aa"
"195	mc060.source.aa"
"196	mc061.source.aa"
"197	mc062.source.aa"
"198	mc063.source.aa"
"199	mc064.source.aa"
"200	mc065.source.aa"
"201	mc066.source.aa"
"202	mc067.source.aa"
"203	mc068.source.aa"
"204	mc069.source.aa"
"205	mc070.source.aa"
"206	mc071.source.aa"
"207	mc072.source.aa"
"208	mc073.source.aa"
"209	mc074.source.aa"
"210	mc075.source.aa"
"211	mc076.source.aa"
"212	mc077.source.aa"
"213	mc078.source.aa"
"214	mc079.source.aa"
"215	mc080.source.aa"
"216	mc081.source.aa"
"217	mc082.source.aa"
"218	mc083.source.aa"
"219	mc084.source.aa"
"220	mc085.source.aa"
"221	mc086.source.aa"
"222	mc087.source.aa"
"223	mc088.source.aa"
"224	mc089.source.aa"
"225	mc090.source.aa"
"226	mc091.source.aa"
"227	mc092.source.aa"
"228	mc093.source.aa"
"229	mc094.source.aa"
"230	mc095.source.aa"
"231	mc096.source.aa"
"232	mc097.source.aa"
"233	mc098.source.aa"
"234	mc099.source.aa"
"235	mc100.source.aa"
"236	mc101.source.aa"
"237	mc102.source.aa"
"238	mc103.source.aa"
"239	mc104.source.aa"
"240	mc105.source.aa"
"241	mc106.source.aa"
"242	mc107.source.aa"
"243	mc108.source.aa"
"244	mc109.source.aa"
"245	mc110.source.aa"
"246	mc111.source.aa"
"247	mc112.source.aa"
"248	mc113.source.aa"
"249	mc114.source.aa"
"250	mc115.source.aa"
"251	mc116.source.aa"
"252	mc117.source.aa"
"253	mc118.source.aa"
"254	mc119.source.aa"
"255	mc120.source.aa"
"256	mc121.source.aa"
"257	mc122.source.aa"
"258	mc123.source.aa"
"259	mc124.source.aa"
"260	mc125.source.aa"
"261	mc126.source.aa"
"262	mc127.source.aa"
"263	mc128.source.aa"
"264	mc129.source.aa"
"265	mc130.source.aa"
"266	mc131.source.aa"
"267	mc132.source.aa"
"268	mc133.source.aa"
"269	mc134.source.aa"
"270	mc135.source.aa"
"271	mc136.source.aa"
"272	mc137.source.aa"
"273	mc138.source.aa"
"274	mc139.source.aa"
"275	mc140.source.aa"
"276	mc141.source.aa"
"277	mc142.source.aa"
"278	mc143.source.aa"
"279	mc144.source.aa"
"280	mc145.source.aa"
"281	mc146.source.aa"
"282	mc147.source.aa"
"283	mc148.source.aa"
"284	mc149.source.aa"
"285	mc150.source.aa"
"286	mc151.source.aa"
"287	mc152.source.aa"
"288	mc153.source.aa"
"289	mc154.source.aa"
"290	mc155.source.aa"
"291	mc156.source.aa"
"292	mc157.source.aa"
"293	mc158.source.aa"
"294	mc159.source.aa"
"295	mc160.source.aa"
"296	mc161.source.aa"
"297	mc162.source.aa"
"298	mc163.source.aa"
"299	mc164.source.aa"
"300	mc165.source.aa"
"301	mc166.source.aa"
"302	mc167.source.aa"
"303	mc168.source.aa"
"304	mc169.source.aa"
"305	mc170.source.aa"
"306	mc171.source.aa"
"307	mc172.source.aa"
"308	mc173.source.aa"
"309	mc174.source.aa"
"310	mc175.source.aa"
"311	mc176.source.aa"
"312	mc177.source.aa"
"313	mc178.source.aa"
"314	mc179.source.aa"
"315	mc180.source.aa"
"316	mc181.source.aa"
"317	mc182.source.aa"
"318	mc183.source.aa"
"319	mc184.source.aa"
"320	mc185.source.aa"
"321	mc186.source.aa"
"322	mc187.source.aa"
"323	mc188.source.aa"
"324	mc189.source.aa"
"325	mc190.source.aa"
"326	mc191.source.aa"
"327	mc192.source.aa"
"328	mc193.source.aa"
"329	mc194.source.aa"
"330	mc195.source.aa"
"331	mc196.source.aa"
"332	mc197.source.aa"
"333	mc198.source.aa"
"334	mc199.source.aa"
"335	mc200.source.aa"
"336	mc201.source.aa"
"337	mc202.source.aa"
"338	mc203.source.aa"
"339	mc204.source.aa"
"340	mc205.source.aa"
"341	mc206.source.aa"
"342	mc207.source.aa"
"343	mc208.source.aa"
"344	mc209.source.aa"
"345	mc210.source.aa"
"346	mc211.source.aa"
"347	mc212.source.aa"
"348	mc213.source.aa"
"349	mc214.source.aa"
"350	mc215.source.aa"
"351	mc216.source.aa"
"352	mc217.source.aa"
"353	mc218.source.aa"
"354	mc219.source.aa"
"355	mc220.source.aa"
"356	mc221.source.aa"
"357	mc222.source.aa"
"358	mc223.source.aa"
"359	mc224.source.aa"
"360	mc225.source.aa"
"361	mc226.source.aa"
"362	mc227.source.aa"
"363	mc228.source.aa"
"364	mc229.source.aa"
"365	mc230.source.aa"
"366	mc231.source.aa"
"367	mc232.source.aa"
"368	mc233.source.aa"
"369	mc234.source.aa"
"370	mc235.source.aa"
"371	mc236.source.aa"
"372	mc237.source.aa"
"373	mc238.source.aa"
"374	mc239.source.aa"
"375	mc240.source.aa"
"376	mc241.source.aa"
"377	mc242.source.aa"
"378	mc243.source.aa"
"379	mc244.source.aa"
"380	mc245.source.aa"
"381	mc246.source.aa"
"382	mc247.source.aa"
"383	mc248.source.aa"
"384	mc249.source.aa"
"385	mc250.source.aa"
"386	mc251.source.aa"
"387	mc252.source.aa"
