20000000A000213	thirdFILE	bc134.source.aa	thirdFILE006	0	0	thirdFILE		aa0	705	0	000000	00
20000000A00000	thirdFILE	bc131.source.aa	thirdFILE005	0	0	thirdFILE		aa0	703	0	000000	00
20000000A000231	thirdFILE	bc130.source.aa	thirdFILE007	0	0	thirdFILE		aa0	704	0	000000	00
20000000A00000	thirdFILE	bc018.source.aa	thirdFILE001	0	0	thirdFILE		aa0	1463	0	000000	014333609220
20000000A000219	thirdFILE	mc114.source.aa	thirdFILE015	0	0	thirdFILE		aa0	1795	0	000000	017676704230
20000000A000216	thirdFILE	mc011.source.aa	thirdFILE014	0	0	thirdFILE		aa0	1912	0	000000	01884430250
20000000A000227	thirdFILE	mc101.source.aa	thirdFILE009	0	0	thirdFILE		aa0	1994	0	000000	019668407730
20000000A000211	thirdFILE	bc070.source.aa	thirdFILE003	0	0	thirdFILE		aa0	2013	0	000000	01983407250
20000000A000204	thirdFILE	mc049.source.aa	thirdFILE012	0	0	thirdFILE		aa0	2027	0	000000	0009540000
20000000A00000	thirdFILE	mc014.source.aa	thirdFILE000	0	0	thirdFILE		aa0	2030	0	000000	020028306690
20000000A000205	thirdFILE	bc076.source.aa	thirdFILE002	0	0	thirdFILE		aa0	2104	0	000000	02072920000
20000000A00000	thirdFILE	mc141.source.aa	thirdFILE008	0	0	thirdFILE		aa0	2117	0	000000	020898604330
20000000A000213	thirdFILE	mc103.source.aa	thirdFILE013	0	0	thirdFILE		aa0	2215	0	000000	021875101910
20000000A000229	thirdFILE	bc072.source.aa	thirdFILE004	0	0	thirdFILE		aa0	2240	0	000000	0009710000
20000000A00000	thirdFILE	mc100.source.aa	thirdFILE011	0	0	thirdFILE		aa0	2352	0	000000	023237808860
20000000A050213	thirdFILE	bc128.source.aa	thirdFILE007	0	0	thirdFILE		aa0	704	0	000000	10667
20000000A05000	thirdFILE	bc133.source.aa	thirdFILE006	0	0	thirdFILE		aa0	702	0	000000	000000
20000000A050223	thirdFILE	bc142.source.aa	thirdFILE005	0	0	thirdFILE		aa0	705	0	000000	60664
20000000A050203	thirdFILE	mc131.source.aa	thirdFILE013	0	0	thirdFILE		aa0	1455	0	000000	014281309510
20000000A05000	thirdFILE	mc183.source.aa	thirdFILE001	0	0	thirdFILE		aa0	1454	0	000000	014269409570
20000000A050209	thirdFILE	bc079.source.aa	thirdFILE003	0	0	thirdFILE		aa0	1742	0	000000	017121506320
20000000A050210	thirdFILE	mc105.source.aa	thirdFILE014	0	0	thirdFILE		aa0	1853	0	000000	0005620190
20000000A050230	thirdFILE	mc107.source.aa	thirdFILE011	0	0	thirdFILE		aa0	1843	0	000000	01815840530
20000000A05000	thirdFILE	mc071.source.aa	thirdFILE009	0	0	thirdFILE		aa0	1877	0	000000	01849760000
20000000A050200	thirdFILE	mc251.source.aa	thirdFILE002	0	0	thirdFILE		aa0	1888	0	000000	01860660000
20000000A050211	thirdFILE	mc139.source.aa	thirdFILE012	0	0	thirdFILE		aa0	1927	0	000000	01900509750
20000000A050207	thirdFILE	mc047.source.aa	thirdFILE000	0	0	thirdFILE		aa0	1980	0	000000	01952008160
20000000A050210	thirdFILE	mc120.source.aa	thirdFILE008	0	0	thirdFILE		aa0	2026	0	000000	000
20000000A050211	thirdFILE	mc091.source.aa	thirdFILE015	0	0	thirdFILE		aa0	2066	0	000000	02038605710
20000000A050209	thirdFILE	bc020.source.aa	thirdFILE004	0	0	thirdFILE		aa0	2263	0	000000	02232980850
20000000A090205	thirdFILE	bc144.source.aa	thirdFILE007	0	0	thirdFILE		aa0	698	0	000000	06750
20000000A090216	thirdFILE	bc150.source.aa	thirdFILE006	0	0	thirdFILE		aa0	704	0	000000	730668
20000000A09000	thirdFILE	bc026.source.aa	thirdFILE002	0	0	thirdFILE		aa0	1458	0	000000	01428809500
20000000A09000	thirdFILE	mc124.source.aa	thirdFILE013	0	0	thirdFILE		aa0	1903	0	000000	000
20000000A090231	thirdFILE	mc121.source.aa	thirdFILE000	0	0	thirdFILE		aa0	1930	0	000000	019039809640
20000000A09000	thirdFILE	mc252.source.aa	thirdFILE001	0	0	thirdFILE		aa0	1948	0	000000	019207709110
20000000A090210	thirdFILE	mc076.source.aa	thirdFILE012	0	0	thirdFILE		aa0	1966	0	000000	01938408580
20000000A09000	thirdFILE	mc088.source.aa	thirdFILE015	0	0	thirdFILE		aa0	2048	0	000000	020206706190
20000000A090219	thirdFILE	mc008.source.aa	thirdFILE009	0	0	thirdFILE		aa0	2077	0	000000	020501505380
20000000A090217	thirdFILE	mc030.source.aa	thirdFILE011	0	0	thirdFILE		aa0	2157	0	000000	021293203320
20000000A090211	thirdFILE	mc137.source.aa	thirdFILE014	0	0	thirdFILE		aa0	2215	0	000000	021876701900
20000000A09000	thirdFILE	bc038.source.aa	thirdFILE005	0	0	thirdFILE		aa0	2263	0	000000	02232810850
20000000A090223	thirdFILE	bc042.source.aa	thirdFILE003	0	0	thirdFILE		aa0	2276	0	000000	0005750560
20000000A090225	thirdFILE	bc036.source.aa	thirdFILE004	0	0	thirdFILE		aa0	2400	0	000000	023706607900
20000000A090211	thirdFILE	bc041.source.aa	thirdFILE008	0	0	thirdFILE		aa0	2434	0	000000	024041407230
20000000A130217	thirdFILE	bc140.source.aa	thirdFILE009	0	0	thirdFILE		aa0	702	0	000000	000450671
20000000A130217	thirdFILE	bc141.source.aa	thirdFILE008	0	0	thirdFILE		aa0	705	0	000000	86000
20000000A130221	thirdFILE	bc127.source.aa	thirdFILE012	0	0	thirdFILE		aa0	703	0	000000	80670
20000000A130205	thirdFILE	bc017.source.aa	thirdFILE001	0	0	thirdFILE		aa0	1462	0	000000	014306509370
20000000A130200	thirdFILE	bc033.source.aa	thirdFILE004	0	0	thirdFILE		aa0	1460	0	000000	014315909310
20000000A13000	thirdFILE	mc179.source.aa	thirdFILE002	0	0	thirdFILE		aa0	1455	0	000000	01428909510
20000000A130210	thirdFILE	mc195.source.aa	thirdFILE007	0	0	thirdFILE		aa0	1455	0	000000	01428009500
20000000A130217	thirdFILE	bc019.source.aa	thirdFILE006	0	0	thirdFILE		aa0	1458	0	000000	014284909490
20000000A13000	thirdFILE	mc176.source.aa	thirdFILE003	0	0	thirdFILE		aa0	1453	0	000000	014256309640
20000000A130225	thirdFILE	mc104.source.aa	thirdFILE014	0	0	thirdFILE		aa0	1766	0	000000	017388905300
20000000A130230	thirdFILE	mc093.source.aa	thirdFILE015	0	0	thirdFILE		aa0	1988	0	000000	01961107900
20000000A130227	thirdFILE	mc118.source.aa	thirdFILE013	0	0	thirdFILE		aa0	2069	0	000000	020421505600
20000000A13000	thirdFILE	bc023.source.aa	thirdFILE011	0	0	thirdFILE		aa0	2210	0	000000	02180190080
20000000A130232	thirdFILE	bc028.source.aa	thirdFILE000	0	0	thirdFILE		aa0	2270	0	000000	000
20000000A130231	thirdFILE	bc037.source.aa	thirdFILE005	0	0	thirdFILE		aa0	2378	0	000000	02348708360
20000000A170213	thirdFILE	bc138.source.aa	thirdFILE001	0	0	thirdFILE		aa0	688	0	000000	00050707
20000000A170212	thirdFILE	bc132.source.aa	thirdFILE002	0	0	thirdFILE		aa0	705	0	000000	75000
20000000A170230	thirdFILE	bc136.source.aa	thirdFILE004	0	0	thirdFILE		aa0	704	0	000000	670668
20000000A170232	thirdFILE	bc147.source.aa	thirdFILE003	0	0	thirdFILE		aa0	702	0	000000	000430671
20000000A170207	thirdFILE	mc182.source.aa	thirdFILE006	0	0	thirdFILE		aa0	1455	0	000000	014276009540
20000000A17000	thirdFILE	mc192.source.aa	thirdFILE007	0	0	thirdFILE		aa0	1454	0	000000	014273109550
20000000A17000	thirdFILE	mc188.source.aa	thirdFILE005	0	0	thirdFILE		aa0	1457	0	000000	014299509400
20000000A170229	thirdFILE	bc045.source.aa	thirdFILE008	0	0	thirdFILE		aa0	1459	0	000000	014293809440
20000000A17000	thirdFILE	mc126.source.aa	thirdFILE009	0	0	thirdFILE		aa0	1526	0	000000	01498905780
20000000A170232	thirdFILE	mc046.source.aa	thirdFILE000	0	0	thirdFILE		aa0	1999	0	000000	019713707600
20000000A170229	thirdFILE	mc020.source.aa	thirdFILE015	0	0	thirdFILE		aa0	2029	0	000000	02000006710
20000000A170206	thirdFILE	mc083.source.aa	thirdFILE014	0	0	thirdFILE		aa0	2142	0	000000	021139503710
20000000A170219	thirdFILE	mc026.source.aa	thirdFILE013	0	0	thirdFILE		aa0	2139	0	000000	021118703760
20000000A17000	thirdFILE	mc097.source.aa	thirdFILE012	0	0	thirdFILE		aa0	2194	0	000000	02167350390
20000000A170216	thirdFILE	mc013.source.aa	thirdFILE011	0	0	thirdFILE		aa0	2195	0	000000	02167450390
20000000A000225	thirdFILE	bc151.source.aa	thirdFILE011	0	0	thirdFILE		aa0	703	0	000000	000450671
20000000A000231	thirdFILE	bc152.source.aa	thirdFILE000	0	0	thirdFILE		aa0	705	0	000000	460666
20000000A000227	thirdFILE	mc040.source.aa	thirdFILE005	0	0	thirdFILE		aa0	1432	0	000000	0003960870
20000000A000210	thirdFILE	mc205.source.aa	thirdFILE013	0	0	thirdFILE		aa0	1457	0	000000	014295609430
20000000A000219	thirdFILE	bc024.source.aa	thirdFILE003	0	0	thirdFILE		aa0	1460	0	000000	014315209320
20000000A000231	thirdFILE	bc025.source.aa	thirdFILE002	0	0	thirdFILE		aa0	1458	0	000000	01428909510
20000000A00000	thirdFILE	mc119.source.aa	thirdFILE009	0	0	thirdFILE		aa0	1759	0	000000	017315405570
20000000A00000	thirdFILE	mc029.source.aa	thirdFILE008	0	0	thirdFILE		aa0	1775	0	000000	017478504960
20000000A000225	thirdFILE	mc149.source.aa	thirdFILE014	0	0	thirdFILE		aa0	1820	0	000000	017934503310
20000000A00000	thirdFILE	mc039.source.aa	thirdFILE007	0	0	thirdFILE		aa0	1839	0	000000	0181155
20000000A000210	thirdFILE	mc214.source.aa	thirdFILE012	0	0	thirdFILE		aa0	1880	0	000000	018528701280
20000000A00000	thirdFILE	mc167.source.aa	thirdFILE015	0	0	thirdFILE		aa0	1960	0	000000	019326008750
20000000A000200	thirdFILE	mc113.source.aa	thirdFILE004	0	0	thirdFILE		aa0	2030	0	000000	020036706670
20000000A000210	thirdFILE	mc052.source.aa	thirdFILE006	0	0	thirdFILE		aa0	2086	0	000000	020591205140
20000000A000204	thirdFILE	bc075.source.aa	thirdFILE001	0	0	thirdFILE		aa0	2128	0	000000	020983504110
20000000A050232	thirdFILE	mc229.source.aa	thirdFILE014	0	0	thirdFILE		aa0	1376	0	000000	013476704250
20000000A050200	thirdFILE	mc019.source.aa	thirdFILE011	0	0	thirdFILE		aa0	1435	0	000000	0007480670
20000000A050204	thirdFILE	mc181.source.aa	thirdFILE001	0	0	thirdFILE		aa0	1453	0	000000	014258809630
20000000A05000	thirdFILE	mc069.source.aa	thirdFILE000	0	0	thirdFILE		aa0	1700	0	000000	016725607890
20000000A050203	thirdFILE	mc152.source.aa	thirdFILE015	0	0	thirdFILE		aa0	1725	0	000000	016977606880
20000000A050217	thirdFILE	mc067.source.aa	thirdFILE009	0	0	thirdFILE		aa0	1760	0	000000	017336205500
20000000A05000	thirdFILE	mc058.source.aa	thirdFILE007	0	0	thirdFILE		aa0	1774	0	000000	017461605030
20000000A050216	thirdFILE	mc051.source.aa	thirdFILE005	0	0	thirdFILE		aa0	1865	0	000000	018374801790
20000000A05000	thirdFILE	mc096.source.aa	thirdFILE013	0	0	thirdFILE		aa0	1958	0	000000	01931708800
20000000A05000	thirdFILE	mc060.source.aa	thirdFILE008	0	0	thirdFILE		aa0	1962	0	000000	019343908700
20000000A050211	thirdFILE	mc061.source.aa	thirdFILE006	0	0	thirdFILE		aa0	2032	0	000000	020046206640
20000000A050227	thirdFILE	mc023.source.aa	thirdFILE004	0	0	thirdFILE		aa0	2128	0	000000	021009404040
20000000A050231	thirdFILE	bc044.source.aa	thirdFILE003	0	0	thirdFILE		aa0	2189	0	000000	0009920570
20000000A050212	thirdFILE	bc034.source.aa	thirdFILE002	0	0	thirdFILE		aa0	2230	0	000000	000
20000000A050230	thirdFILE	mc063.source.aa	thirdFILE012	0	0	thirdFILE		aa0	2269	0	000000	0001780650
20000000A09000	thirdFILE	bc148.source.aa	thirdFILE007	0	0	thirdFILE		aa0	705	0	000000	1000
20000000A09000	thirdFILE	bc156.source.aa	thirdFILE015	0	0	thirdFILE		aa0	704	0	000000	700668
20000000A090230	thirdFILE	bc111.source.aa	thirdFILE008	0	0	thirdFILE		aa0	1049	0	000000	000
20000000A090203	thirdFILE	mc193.source.aa	thirdFILE003	0	0	thirdFILE		aa0	1454	0	000000	014267209580
20000000A090210	thirdFILE	mc172.source.aa	thirdFILE001	0	0	thirdFILE		aa0	1456	0	000000	01429709440
20000000A090225	thirdFILE	mc189.source.aa	thirdFILE002	0	0	thirdFILE		aa0	1456	0	000000	014277309530
20000000A090211	thirdFILE	mc138.source.aa	thirdFILE009	0	0	thirdFILE		aa0	1787	0	000000	017598504520
20000000A090205	thirdFILE	bc077.source.aa	thirdFILE006	0	0	thirdFILE		aa0	1812	0	000000	017821003710
20000000A090227	thirdFILE	bc078.source.aa	thirdFILE005	0	0	thirdFILE		aa0	1849	0	000000	01818400440
20000000A090227	thirdFILE	mc085.source.aa	thirdFILE000	0	0	thirdFILE		aa0	1936	0	000000	019086309490
20000000A090209	thirdFILE	mc086.source.aa	thirdFILE011	0	0	thirdFILE		aa0	2020	0	000000	00037406950
20000000A090223	thirdFILE	mc012.source.aa	thirdFILE013	0	0	thirdFILE		aa0	2170	0	000000	000
20000000A09000	thirdFILE	mc081.source.aa	thirdFILE012	0	0	thirdFILE		aa0	2180	0	000000	000
20000000A090216	thirdFILE	mc084.source.aa	thirdFILE014	0	0	thirdFILE		aa0	2240	0	000000	022124101320
20000000A090227	thirdFILE	bc029.source.aa	thirdFILE004	0	0	thirdFILE		aa0	2444	0	000000	02414407030
20000000A130205	thirdFILE	bc146.source.aa	thirdFILE001	0	0	thirdFILE		aa0	687	0	000000	000
20000000A130200	thirdFILE	bc126.source.aa	thirdFILE004	0	0	thirdFILE		aa0	688	0	000000	000
20000000A130210	thirdFILE	bc137.source.aa	thirdFILE003	0	0	thirdFILE		aa0	696	0	000000	000
20000000A130233	thirdFILE	mc178.source.aa	thirdFILE002	0	0	thirdFILE		aa0	1453	0	000000	014263609600
20000000A130207	thirdFILE	mc021.source.aa	thirdFILE008	0	0	thirdFILE		aa0	1795	0	000000	017671304250
20000000A130213	thirdFILE	mc224.source.aa	thirdFILE013	0	0	thirdFILE		aa0	1839	0	000000	01811860670
20000000A130230	thirdFILE	mc166.source.aa	thirdFILE015	0	0	thirdFILE		aa0	1880	0	000000	018531301270
20000000A130225	thirdFILE	mc042.source.aa	thirdFILE012	0	0	thirdFILE		aa0	1886	0	000000	018584401100
20000000A130231	thirdFILE	mc072.source.aa	thirdFILE011	0	0	thirdFILE		aa0	1917	0	000000	01890110070
20000000A130232	thirdFILE	mc090.source.aa	thirdFILE005	0	0	thirdFILE		aa0	1922	0	000000	018945409930
20000000A130223	thirdFILE	mc075.source.aa	thirdFILE006	0	0	thirdFILE		aa0	1975	0	000000	01948308280
20000000A130231	thirdFILE	mc034.source.aa	thirdFILE000	0	0	thirdFILE		aa0	1982	0	000000	01955108080
20000000A130233	thirdFILE	mc041.source.aa	thirdFILE007	0	0	thirdFILE		aa0	2033	0	000000	020059506600
20000000A130209	thirdFILE	mc106.source.aa	thirdFILE009	0	0	thirdFILE		aa0	2205	0	000000	02178360120
20000000A13000	thirdFILE	mc215.source.aa	thirdFILE014	0	0	thirdFILE		aa0	2202	0	000000	02174970200
20000000A170205	thirdFILE	bc155.source.aa	thirdFILE013	0	0	thirdFILE		aa0	702	0	000000	000600671
20000000A17000	thirdFILE	mc173.source.aa	thirdFILE001	0	0	thirdFILE		aa0	1452	0	000000	014247009700
20000000A170213	thirdFILE	mc160.source.aa	thirdFILE015	0	0	thirdFILE		aa0	1700	0	000000	016733907850
20000000A170217	thirdFILE	mc158.source.aa	thirdFILE014	0	0	thirdFILE		aa0	1705	0	000000	01678307670
20000000A17000	thirdFILE	mc078.source.aa	thirdFILE009	0	0	thirdFILE		aa0	1770	0	000000	017425305160
20000000A170231	thirdFILE	mc003.source.aa	thirdFILE005	0	0	thirdFILE		aa0	1855	0	000000	000
20000000A170205	thirdFILE	mc122.source.aa	thirdFILE004	0	0	thirdFILE		aa0	1940	0	000000	019146109300
20000000A170217	thirdFILE	mc033.source.aa	thirdFILE007	0	0	thirdFILE		aa0	1960	0	000000	019328308740
20000000A170231	thirdFILE	mc087.source.aa	thirdFILE006	0	0	thirdFILE		aa0	1963	0	000000	01936308650
20000000A170205	thirdFILE	mc043.source.aa	thirdFILE008	0	0	thirdFILE		aa0	1999	0	000000	01971907600
20000000A170210	thirdFILE	mc127.source.aa	thirdFILE011	0	0	thirdFILE		aa0	1998	0	000000	019704107620
20000000A170223	thirdFILE	bc073.source.aa	thirdFILE002	0	0	thirdFILE		aa0	2029	0	000000	000
20000000A170210	thirdFILE	mc094.source.aa	thirdFILE012	0	0	thirdFILE		aa0	2074	0	000000	02047305470
20000000A170200	thirdFILE	mc048.source.aa	thirdFILE000	0	0	thirdFILE		aa0	2183	0	000000	000542
20000000A170206	thirdFILE	bc027.source.aa	thirdFILE003	0	0	thirdFILE		aa0	2338	0	000000	023088009180
20000000A210209	thirdFILE	bc149.source.aa	thirdFILE002	0	0	thirdFILE		aa0	704	0	000000	10667
20000000A210200	thirdFILE	mc225.source.aa	thirdFILE013	0	0	thirdFILE		aa0	1372	0	000000	013457704370
20000000A210219	thirdFILE	mc159.source.aa	thirdFILE015	0	0	thirdFILE		aa0	1373	0	000000	013453304400
20000000A210225	thirdFILE	mc146.source.aa	thirdFILE014	0	0	thirdFILE		aa0	1375	0	000000	01348504230
20000000A210206	thirdFILE	bc068.source.aa	thirdFILE004	0	0	thirdFILE		aa0	1593	0	000000	01562390670
20000000A21000	thirdFILE	mc089.source.aa	thirdFILE006	0	0	thirdFILE		aa0	1928	0	000000	019004009750
20000000A210200	thirdFILE	bc069.source.aa	thirdFILE003	0	0	thirdFILE		aa0	1975	0	000000	019454508360
20000000A210221	thirdFILE	mc070.source.aa	thirdFILE007	0	0	thirdFILE		aa0	1984	0	000000	019563908040
20000000A210229	thirdFILE	mc077.source.aa	thirdFILE012	0	0	thirdFILE		aa0	2005	0	000000	019778707410
20000000A21000	thirdFILE	mc024.source.aa	thirdFILE005	0	0	thirdFILE		aa0	2097	0	000000	02069104870
20000000A210225	thirdFILE	mc082.source.aa	thirdFILE008	0	0	thirdFILE		aa0	2110	0	000000	020826304520
20000000A210216	thirdFILE	mc062.source.aa	thirdFILE009	0	0	thirdFILE		aa0	2163	0	000000	021349803180
20000000A21000	thirdFILE	mc074.source.aa	thirdFILE011	0	0	thirdFILE		aa0	2176	0	000000	000890860
20000000A21000	thirdFILE	mc054.source.aa	thirdFILE000	0	0	thirdFILE		aa0	2328	0	000000	02300809370
20000000A210210	thirdFILE	bc031.source.aa	thirdFILE001	0	0	thirdFILE		aa0	2496	0	000000	024667006030
20000000A000232	thirdFILE	bc165.source.aa	thirdFILE015	0	0	thirdFILE		aa0	497	0	000000	000
20000000A00000	thirdFILE	bc145.source.aa	thirdFILE002	0	0	thirdFILE		aa0	703	0	000000	000420671
20000000A00000	thirdFILE	mc171.source.aa	thirdFILE001	0	0	thirdFILE		aa0	1454	0	000000	014275309540
20000000A000217	thirdFILE	mc201.source.aa	thirdFILE013	0	0	thirdFILE		aa0	1455	0	000000	014285109480
20000000A000231	thirdFILE	mc184.source.aa	thirdFILE004	0	0	thirdFILE		aa0	1453	0	000000	01426109610
20000000A000219	thirdFILE	mc125.source.aa	thirdFILE005	0	0	thirdFILE		aa0	1582	0	000000	01555803020
20000000A000221	thirdFILE	mc111.source.aa	thirdFILE009	0	0	thirdFILE		aa0	1767	0	000000	017391605290
20000000A000206	thirdFILE	mc009.source.aa	thirdFILE007	0	0	thirdFILE		aa0	1923	0	000000	01896609880
20000000A00000	thirdFILE	mc031.source.aa	thirdFILE000	0	0	thirdFILE		aa0	1950	0	000000	019237909020
20000000A000205	thirdFILE	mc248.source.aa	thirdFILE003	0	0	thirdFILE		aa0	2024	0	000000	00066906870
20000000A000221	thirdFILE	mc018.source.aa	thirdFILE006	0	0	thirdFILE		aa0	2014	0	000000	01987607140
20000000A000210	thirdFILE	mc017.source.aa	thirdFILE012	0	0	thirdFILE		aa0	2100	0	000000	02073130000
20000000A000207	thirdFILE	mc108.source.aa	thirdFILE008	0	0	thirdFILE		aa0	2126	0	000000	020985904110
20000000A000229	thirdFILE	mc102.source.aa	thirdFILE011	0	0	thirdFILE		aa0	2137	0	000000	021098403820
20000000A00000	thirdFILE	bc088.source.aa	thirdFILE014	0	0	thirdFILE		aa0	2196	0	000000	02165950420
20000000A050223	thirdFILE	bc167.source.aa	thirdFILE007	0	0	thirdFILE		aa0	497	0	000000	00080375
20000000A050231	thirdFILE	bc154.source.aa	thirdFILE015	0	0	thirdFILE		aa0	704	0	000000	30667
20000000A05000	thirdFILE	bc113.source.aa	thirdFILE014	0	0	thirdFILE		aa0	1065	0	000000	000
20000000A050210	thirdFILE	mc156.source.aa	thirdFILE012	0	0	thirdFILE		aa0	1374	0	000000	01347504280
20000000A050212	thirdFILE	mc148.source.aa	thirdFILE013	0	0	thirdFILE		aa0	1375	0	000000	013488504180
20000000A050225	thirdFILE	mc203.source.aa	thirdFILE011	0	0	thirdFILE		aa0	1454	0	000000	01427509570
20000000A05000	thirdFILE	mc079.source.aa	thirdFILE004	0	0	thirdFILE		aa0	1556	0	000000	01530004210
20000000A050212	thirdFILE	mc091.source.aa	thirdFILE006	0	0	thirdFILE		aa0	1605	0	000000	015785001930
20000000A050223	thirdFILE	bc110.source.aa	thirdFILE002	0	0	thirdFILE		aa0	1770	0	000000	017414505200
20000000A050210	thirdFILE	mc216.source.aa	thirdFILE008	0	0	thirdFILE		aa0	1797	0	000000	017704404130
20000000A050233	thirdFILE	bc093.source.aa	thirdFILE000	0	0	thirdFILE		aa0	1799	0	000000	01769204180
20000000A050205	thirdFILE	mc109.source.aa	thirdFILE005	0	0	thirdFILE		aa0	1932	0	000000	019056209580
20000000A050225	thirdFILE	bc035.source.aa	thirdFILE001	0	0	thirdFILE		aa0	2235	0	000000	0006201470
20000000A050233	thirdFILE	bc085.source.aa	thirdFILE009	0	0	thirdFILE		aa0	2258	0	000000	0008500950
20000000A05000	thirdFILE	mc016.source.aa	thirdFILE003	0	0	thirdFILE		aa0	2410	0	000000	023834807640
20000000A090207	thirdFILE	bc118.source.aa	thirdFILE014	0	0	thirdFILE		aa0	1073	0	000000	00035088
20000000A090219	thirdFILE	mc206.source.aa	thirdFILE000	0	0	thirdFILE		aa0	1454	0	000000	014268409580
20000000A090205	thirdFILE	bc081.source.aa	thirdFILE013	0	0	thirdFILE		aa0	1600	0	000000	01571160270
20000000A090211	thirdFILE	mc123.source.aa	thirdFILE009	0	0	thirdFILE		aa0	1597	0	000000	01569990320
20000000A09000	thirdFILE	bc030.source.aa	thirdFILE002	0	0	thirdFILE		aa0	1768	0	000000	017376705340
20000000A090221	thirdFILE	mc230.source.aa	thirdFILE011	0	0	thirdFILE		aa0	1819	0	000000	01792903360
20000000A09000	thirdFILE	mc128.source.aa	thirdFILE007	0	0	thirdFILE		aa0	1990	0	000000	019635407830
20000000A090217	thirdFILE	bc071.source.aa	thirdFILE001	0	0	thirdFILE		aa0	2057	0	000000	020271706010
20000000A090232	thirdFILE	mc153.source.aa	thirdFILE015	0	0	thirdFILE		aa0	2103	0	000000	020757204700
20000000A09000	thirdFILE	mc022.source.aa	thirdFILE008	0	0	thirdFILE		aa0	2112	0	000000	020849104460
20000000A09000	thirdFILE	bc091.source.aa	thirdFILE012	0	0	thirdFILE		aa0	2120	0	000000	020904304320
20000000A090204	thirdFILE	mc064.source.aa	thirdFILE004	0	0	thirdFILE		aa0	2164	0	000000	021359603160
20000000A090210	thirdFILE	mc116.source.aa	thirdFILE003	0	0	thirdFILE		aa0	2159	0	000000	02131603280
20000000A090231	thirdFILE	mc133.source.aa	thirdFILE006	0	0	thirdFILE		aa0	2146	0	000000	021184803600
20000000A090211	thirdFILE	mc035.source.aa	thirdFILE005	0	0	thirdFILE		aa0	2186	0	000000	0008620600
20000000A130219	thirdFILE	bc119.source.aa	thirdFILE004	0	0	thirdFILE		aa0	1054	0	000000	0004530108
20000000A130206	thirdFILE	mc223.source.aa	thirdFILE013	0	0	thirdFILE		aa0	1374	0	000000	013469504300
20000000A130221	thirdFILE	mc163.source.aa	thirdFILE000	0	0	thirdFILE		aa0	1374	0	000000	013463904330
20000000A130210	thirdFILE	bc101.source.aa	thirdFILE015	0	0	thirdFILE		aa0	1756	0	000000	017261805780
20000000A130216	thirdFILE	bc095.source.aa	thirdFILE008	0	0	thirdFILE		aa0	1824	0	000000	017935003310
20000000A130200	thirdFILE	bc082.source.aa	thirdFILE006	0	0	thirdFILE		aa0	1888	0	000000	018578801110
20000000A130229	thirdFILE	bc086.source.aa	thirdFILE012	0	0	thirdFILE		aa0	1929	0	000000	018984509810
20000000A130219	thirdFILE	mc055.source.aa	thirdFILE001	0	0	thirdFILE		aa0	1977	0	000000	019494608240
20000000A13000	thirdFILE	mc073.source.aa	thirdFILE002	0	0	thirdFILE		aa0	2020	0	000000	00034006960
20000000A130210	thirdFILE	mc066.source.aa	thirdFILE003	0	0	thirdFILE		aa0	2057	0	000000	020293805950
20000000A130232	thirdFILE	bc090.source.aa	thirdFILE007	0	0	thirdFILE		aa0	2099	0	000000	020686904890
20000000A130210	thirdFILE	bc097.source.aa	thirdFILE011	0	0	thirdFILE		aa0	2170	0	000000	021399203060
20000000A130231	thirdFILE	mc220.source.aa	thirdFILE005	0	0	thirdFILE		aa0	2168	0	000000	00007803040
20000000A130211	thirdFILE	mc228.source.aa	thirdFILE009	0	0	thirdFILE		aa0	2270	0	000000	0003720610
20000000A130206	thirdFILE	bc107.source.aa	thirdFILE014	0	0	thirdFILE		aa0	2350	0	000000	023216408910
20000000A170204	thirdFILE	bc158.source.aa	thirdFILE012	0	0	thirdFILE		aa0	703	0	000000	000880670
20000000A170204	thirdFILE	mc187.source.aa	thirdFILE003	0	0	thirdFILE		aa0	1456	0	000000	014285409480
20000000A170205	thirdFILE	mc186.source.aa	thirdFILE002	0	0	thirdFILE		aa0	1455	0	000000	014283909490
20000000A170229	thirdFILE	mc169.source.aa	thirdFILE001	0	0	thirdFILE		aa0	1450	0	000000	014237709750
20000000A17000	thirdFILE	mc132.source.aa	thirdFILE008	0	0	thirdFILE		aa0	1536	0	000000	015095005220
20000000A170213	thirdFILE	mc025.source.aa	thirdFILE006	0	0	thirdFILE		aa0	1717	0	000000	016893207210
20000000A170210	thirdFILE	mc212.source.aa	thirdFILE013	0	0	thirdFILE		aa0	1902	0	000000	000500560
20000000A170206	thirdFILE	mc164.source.aa	thirdFILE015	0	0	thirdFILE		aa0	1992	0	000000	01965707780
20000000A170230	thirdFILE	mc005.source.aa	thirdFILE007	0	0	thirdFILE		aa0	1988	0	000000	019593907950
20000000A170212	thirdFILE	mc110.source.aa	thirdFILE004	0	0	thirdFILE		aa0	2000	0	000000	00014107020
20000000A170212	thirdFILE	mc028.source.aa	thirdFILE009	0	0	thirdFILE		aa0	2042	0	000000	02015106340
20000000A170223	thirdFILE	mc027.source.aa	thirdFILE000	0	0	thirdFILE		aa0	2150	0	000000	021233603470
20000000A170230	thirdFILE	mc154.source.aa	thirdFILE014	0	0	thirdFILE		aa0	2167	0	000000	021399403060
20000000A170221	thirdFILE	mc095.source.aa	thirdFILE011	0	0	thirdFILE		aa0	2234	0	000000	0001450
20000000A17000	thirdFILE	mc004.source.aa	thirdFILE005	0	0	thirdFILE		aa0	2238	0	000000	022114701340
20000000A210217	thirdFILE	bc160.source.aa	thirdFILE014	0	0	thirdFILE		aa0	703	0	000000	000560671
20000000A210219	thirdFILE	bc164.source.aa	thirdFILE012	0	0	thirdFILE		aa0	703	0	000000	000
20000000A210231	thirdFILE	bc139.source.aa	thirdFILE001	0	0	thirdFILE		aa0	703	0	000000	130669
20000000A21000	thirdFILE	bc114.source.aa	thirdFILE003	0	0	thirdFILE		aa0	1068	0	000000	000870093
20000000A210210	thirdFILE	mc145.source.aa	thirdFILE007	0	0	thirdFILE		aa0	1376	0	000000	013488004180
20000000A210231	thirdFILE	mc147.source.aa	thirdFILE000	0	0	thirdFILE		aa0	1375	0	000000	013466504320
20000000A210233	thirdFILE	bc096.source.aa	thirdFILE008	0	0	thirdFILE		aa0	1417	0	000000	00084101780
20000000A210229	thirdFILE	mc210.source.aa	thirdFILE015	0	0	thirdFILE		aa0	1455	0	000000	014274509540
20000000A21000	thirdFILE	mc155.source.aa	thirdFILE005	0	0	thirdFILE		aa0	1510	0	000000	01483106550
20000000A21000	thirdFILE	mc165.source.aa	thirdFILE011	0	0	thirdFILE		aa0	1518	0	000000	014905306180
20000000A21000	thirdFILE	mc007.source.aa	thirdFILE002	0	0	thirdFILE		aa0	1618	0	000000	000
20000000A210204	thirdFILE	mc238.source.aa	thirdFILE013	0	0	thirdFILE		aa0	1794	0	000000	017666404270
20000000A21000	thirdFILE	bc083.source.aa	thirdFILE004	0	0	thirdFILE		aa0	1967	0	000000	019371208610
20000000A210223	thirdFILE	mc227.source.aa	thirdFILE006	0	0	thirdFILE		aa0	1990	0	000000	019629007850
20000000A210207	thirdFILE	bc087.source.aa	thirdFILE009	0	0	thirdFILE		aa0	2030	0	000000	02001340000
20000000A090211	thirdFILE	bc112.source.aa	thirdFILE011	0	0	thirdFILE		aa0	1035	0	000000	0005100130
20000000A090211	thirdFILE	mc243.source.aa	thirdFILE015	0	0	thirdFILE		aa0	1374	0	000000	013471704280
20000000A09000	thirdFILE	mc240.source.aa	thirdFILE012	0	0	thirdFILE		aa0	1374	0	000000	013469804300
20000000A090205	thirdFILE	mc190.source.aa	thirdFILE003	0	0	thirdFILE		aa0	1453	0	000000	014261409620
20000000A09000	thirdFILE	mc177.source.aa	thirdFILE002	0	0	thirdFILE		aa0	1453	0	000000	014256609640
20000000A09000	thirdFILE	bc040.source.aa	thirdFILE001	0	0	thirdFILE		aa0	1460	0	000000	01430909400
20000000A090204	thirdFILE	mc143.source.aa	thirdFILE005	0	0	thirdFILE		aa0	1938	0	000000	019109509420
20000000A090207	thirdFILE	mc213.source.aa	thirdFILE008	0	0	thirdFILE		aa0	2035	0	000000	02008806540
20000000A090233	thirdFILE	bc104.source.aa	thirdFILE013	0	0	thirdFILE		aa0	2017	0	000000	019877907120
20000000A090217	thirdFILE	mc218.source.aa	thirdFILE006	0	0	thirdFILE		aa0	2059	0	000000	020321105880
20000000A09000	thirdFILE	mc099.source.aa	thirdFILE004	0	0	thirdFILE		aa0	2064	0	000000	020367505750
20000000A090223	thirdFILE	bc084.source.aa	thirdFILE007	0	0	thirdFILE		aa0	2108	0	000000	020779904640
20000000A090213	thirdFILE	bc092.source.aa	thirdFILE000	0	0	thirdFILE		aa0	2174	0	000000	0004390950
20000000A090225	thirdFILE	mc168.source.aa	thirdFILE009	0	0	thirdFILE		aa0	2195	0	000000	02168340360
20000000A090217	thirdFILE	mc237.source.aa	thirdFILE014	0	0	thirdFILE		aa0	2205	0	000000	02178500120
20000000A210221	thirdFILE	bc159.source.aa	thirdFILE007	0	0	thirdFILE		aa0	704	0	000000	00667
20000000A21000	thirdFILE	bc162.source.aa	thirdFILE011	0	0	thirdFILE		aa0	702	0	000000	000
20000000A210232	thirdFILE	bc163.source.aa	thirdFILE000	0	0	thirdFILE		aa0	704	0	000000	000
20000000A21000	thirdFILE	mc211.source.aa	thirdFILE005	0	0	thirdFILE		aa0	1374	0	000000	01347704280
20000000A210221	thirdFILE	mc247.source.aa	thirdFILE009	0	0	thirdFILE		aa0	1375	0	000000	013479004240
20000000A210213	thirdFILE	mc199.source.aa	thirdFILE008	0	0	thirdFILE		aa0	1453	0	000000	014259009630
20000000A210210	thirdFILE	mc175.source.aa	thirdFILE001	0	0	thirdFILE		aa0	1450	0	000000	014241409730
20000000A210216	thirdFILE	mc191.source.aa	thirdFILE004	0	0	thirdFILE		aa0	1455	0	000000	014278609520
20000000A21000	thirdFILE	bc021.source.aa	thirdFILE002	0	0	thirdFILE		aa0	1458	0	000000	01429309460
20000000A210223	thirdFILE	bc039.source.aa	thirdFILE003	0	0	thirdFILE		aa0	1459	0	000000	014294209430
20000000A210225	thirdFILE	mc233.source.aa	thirdFILE012	0	0	thirdFILE		aa0	2025	0	000000	000
20000000A210207	thirdFILE	mc241.source.aa	thirdFILE013	0	0	thirdFILE		aa0	2106	0	000000	020793504610
20000000A210213	thirdFILE	mc235.source.aa	thirdFILE015	0	0	thirdFILE		aa0	2123	0	000000	020958504180
20000000A21000	thirdFILE	bc089.source.aa	thirdFILE006	0	0	thirdFILE		aa0	2128	0	000000	020989104100
20000000A21000	thirdFILE	mc244.source.aa	thirdFILE014	0	0	thirdFILE		aa0	2154	0	000000	021269803380
20000000A00000	thirdFILE	bc168.source.aa	thirdFILE012	0	0	thirdFILE		aa0	499	0	000000	000
20000000A000200	thirdFILE	mc249.source.aa	thirdFILE002	0	0	thirdFILE		aa0	1377	0	000000	013496604130
20000000A000209	thirdFILE	bc074.source.aa	thirdFILE005	0	0	thirdFILE		aa0	1409	0	000000	000
20000000A00000	thirdFILE	bc109.source.aa	thirdFILE003	0	0	thirdFILE		aa0	1410	0	000000	000
20000000A000223	thirdFILE	bc046.source.aa	thirdFILE004	0	0	thirdFILE		aa0	1457	0	000000	01428509510
20000000A000229	thirdFILE	mc196.source.aa	thirdFILE007	0	0	thirdFILE		aa0	1455	0	000000	014274009550
20000000A000223	thirdFILE	bc105.source.aa	thirdFILE015	0	0	thirdFILE		aa0	1463	0	000000	014337809190
20000000A00000	thirdFILE	mc151.source.aa	thirdFILE009	0	0	thirdFILE		aa0	2055	0	000000	02027906010
20000000A000232	thirdFILE	bc099.source.aa	thirdFILE014	0	0	thirdFILE		aa0	2063	0	000000	020336005830
20000000A000204	thirdFILE	bc080.source.aa	thirdFILE001	0	0	thirdFILE		aa0	2108	0	000000	020789004620
20000000A000206	thirdFILE	mc217.source.aa	thirdFILE008	0	0	thirdFILE		aa0	2120	0	000000	020921604270
20000000A00000	thirdFILE	bc102.source.aa	thirdFILE013	0	0	thirdFILE		aa0	2123	0	000000	020943004220
20000000A00000	thirdFILE	bc094.source.aa	thirdFILE000	0	0	thirdFILE		aa0	2272	0	000000	0002660630
20000000A000229	thirdFILE	mc037.source.aa	thirdFILE006	0	0	thirdFILE		aa0	2313	0	000000	022856309680
20000000A000210	thirdFILE	bc098.source.aa	thirdFILE011	0	0	thirdFILE		aa0	2352	0	000000	023221308900
20000000A050227	thirdFILE	bc142.source.aa	thirdFILE002	0	0	thirdFILE		aa0	704	0	000000	740668
20000000A050232	thirdFILE	bc128.source.aa	thirdFILE001	0	0	thirdFILE		aa0	702	0	000000	000
20000000A050221	thirdFILE	mc102.source.aa	thirdFILE003	0	0	thirdFILE		aa0	1375	0	000000	01348104230
20000000A050204	thirdFILE	mc209.source.aa	thirdFILE011	0	0	thirdFILE		aa0	1454	0	000000	014265409590
20000000A050219	thirdFILE	mc202.source.aa	thirdFILE007	0	0	thirdFILE		aa0	1457	0	000000	014297209420
20000000A050232	thirdFILE	mc207.source.aa	thirdFILE015	0	0	thirdFILE		aa0	1453	0	000000	014259009630
20000000A050231	thirdFILE	mc231.source.aa	thirdFILE012	0	0	thirdFILE		aa0	1826	0	000000	017991503110
20000000A05000	thirdFILE	mc076.source.aa	thirdFILE006	0	0	thirdFILE		aa0	2069	0	000000	020416305610
20000000A050210	thirdFILE	mc246.source.aa	thirdFILE000	0	0	thirdFILE		aa0	2078	0	000000	020508105370
20000000A05000	thirdFILE	mc239.source.aa	thirdFILE013	0	0	thirdFILE		aa0	2094	0	000000	020666604940
20000000A050229	thirdFILE	mc242.source.aa	thirdFILE009	0	0	thirdFILE		aa0	2088	0	000000	020607405100
20000000A050233	thirdFILE	mc053.source.aa	thirdFILE005	0	0	thirdFILE		aa0	2088	0	000000	020607005100
20000000A050210	thirdFILE	mc074.source.aa	thirdFILE004	0	0	thirdFILE		aa0	2120	0	000000	020939904220
20000000A050205	thirdFILE	mc245.source.aa	thirdFILE014	0	0	thirdFILE		aa0	2145	0	000000	021174403620
20000000A050213	thirdFILE	bc103.source.aa	thirdFILE008	0	0	thirdFILE		aa0	2160	0	000000	021301303300
20000000A09000	thirdFILE	bc137.source.aa	thirdFILE002	0	0	thirdFILE		aa0	703	0	000000	420669
20000000A090200	thirdFILE	mc073.source.aa	thirdFILE004	0	0	thirdFILE		aa0	1374	0	000000	01347204280
20000000A090213	thirdFILE	mc236.source.aa	thirdFILE015	0	0	thirdFILE		aa0	1375	0	000000	013483704210
20000000A090219	thirdFILE	mc085.source.aa	thirdFILE007	0	0	thirdFILE		aa0	1375	0	000000	013477004250
20000000A090223	thirdFILE	mc149.source.aa	thirdFILE013	0	0	thirdFILE		aa0	1375	0	000000	013479204240
20000000A090229	thirdFILE	mc107.source.aa	thirdFILE003	0	0	thirdFILE		aa0	1373	0	000000	013466604320
20000000A090229	thirdFILE	mc220.source.aa	thirdFILE011	0	0	thirdFILE		aa0	1374	0	000000	013469404300
20000000A090212	thirdFILE	mc206.source.aa	thirdFILE009	0	0	thirdFILE		aa0	1452	0	000000	01425209680
20000000A090216	thirdFILE	mc043.source.aa	thirdFILE008	0	0	thirdFILE		aa0	1539	0	000000	015126205060
20000000A09000	thirdFILE	mc228.source.aa	thirdFILE014	0	0	thirdFILE		aa0	1667	0	000000	016398209240
20000000A090205	thirdFILE	bc085.source.aa	thirdFILE000	0	0	thirdFILE		aa0	2047	0	000000	02017506290
20000000A090227	thirdFILE	mc039.source.aa	thirdFILE005	0	0	thirdFILE		aa0	2049	0	000000	020225606140
20000000A090231	thirdFILE	bc086.source.aa	thirdFILE012	0	0	thirdFILE		aa0	2105	0	000000	02075904720
20000000A090233	thirdFILE	bc075.source.aa	thirdFILE001	0	0	thirdFILE		aa0	2134	0	000000	021041303960
20000000A090231	thirdFILE	mc051.source.aa	thirdFILE006	0	0	thirdFILE		aa0	2155	0	000000	02128203360
20000000A130219	thirdFILE	bc148.source.aa	thirdFILE001	0	0	thirdFILE		aa0	697	0	000000	000
20000000A13000	thirdFILE	mc118.source.aa	thirdFILE006	0	0	thirdFILE		aa0	1375	0	000000	013481404220
20000000A130225	thirdFILE	mc046.source.aa	thirdFILE008	0	0	thirdFILE		aa0	1373	0	000000	013466504320
20000000A130229	thirdFILE	mc218.source.aa	thirdFILE015	0	0	thirdFILE		aa0	1378	0	000000	013503104090
20000000A130233	thirdFILE	mc165.source.aa	thirdFILE014	0	0	thirdFILE		aa0	1377	0	000000	013504804080
20000000A130221	thirdFILE	bc074.source.aa	thirdFILE002	0	0	thirdFILE		aa0	1409	0	000000	0009590300
20000000A130216	thirdFILE	mc109.source.aa	thirdFILE011	0	0	thirdFILE		aa0	2016	0	000000	019896107070
20000000A130206	thirdFILE	mc137.source.aa	thirdFILE007	0	0	thirdFILE		aa0	2074	0	000000	0200005460
20000000A130206	thirdFILE	mc021.source.aa	thirdFILE003	0	0	thirdFILE		aa0	2080	0	000000	020546805260
20000000A130233	thirdFILE	mc097.source.aa	thirdFILE004	0	0	thirdFILE		aa0	2060	0	000000	020343005810
20000000A13000	thirdFILE	bc084.source.aa	thirdFILE013	0	0	thirdFILE		aa0	2108	0	000000	02079504610
20000000A130213	thirdFILE	bc090.source.aa	thirdFILE012	0	0	thirdFILE		aa0	2120	0	000000	020905804310
20000000A130213	thirdFILE	mc004.source.aa	thirdFILE009	0	0	thirdFILE		aa0	2132	0	000000	02105103940
20000000A130216	thirdFILE	mc012.source.aa	thirdFILE000	0	0	thirdFILE		aa0	2167	0	000000	00008703040
20000000A130207	thirdFILE	mc023.source.aa	thirdFILE005	0	0	thirdFILE		aa0	2208	0	000000	02181800040
20000000A170231	thirdFILE	bc165.source.aa	thirdFILE000	0	0	thirdFILE		aa0	500	0	000000	000
20000000A170209	thirdFILE	bc138.source.aa	thirdFILE005	0	0	thirdFILE		aa0	705	0	000000	000
20000000A17000	thirdFILE	bc151.source.aa	thirdFILE011	0	0	thirdFILE		aa0	700	0	000000	000
20000000A17000	thirdFILE	bc159.source.aa	thirdFILE012	0	0	thirdFILE		aa0	702	0	000000	000
20000000A170225	thirdFILE	mc146.source.aa	thirdFILE013	0	0	thirdFILE		aa0	1376	0	000000	013488204180
20000000A170227	thirdFILE	mc156.source.aa	thirdFILE014	0	0	thirdFILE		aa0	1376	0	000000	01347004280
20000000A170231	thirdFILE	mc119.source.aa	thirdFILE007	0	0	thirdFILE		aa0	1374	0	000000	01347104290
20000000A170211	thirdFILE	mc171.source.aa	thirdFILE001	0	0	thirdFILE		aa0	1455	0	000000	014281709500
20000000A17000	thirdFILE	mc203.source.aa	thirdFILE015	0	0	thirdFILE		aa0	1454	0	000000	01427209560
20000000A170223	thirdFILE	mc190.source.aa	thirdFILE003	0	0	thirdFILE		aa0	1455	0	000000	014276809530
20000000A17000	thirdFILE	bc020.source.aa	thirdFILE004	0	0	thirdFILE		aa0	1458	0	000000	014284309490
20000000A170229	thirdFILE	bc036.source.aa	thirdFILE002	0	0	thirdFILE		aa0	1457	0	000000	014273809550
20000000A170231	thirdFILE	mc105.source.aa	thirdFILE009	0	0	thirdFILE		aa0	2044	0	000000	020163706310
20000000A170206	thirdFILE	mc024.source.aa	thirdFILE006	0	0	thirdFILE		aa0	2160	0	000000	021337803210
20000000A170219	thirdFILE	mc026.source.aa	thirdFILE008	0	0	thirdFILE		aa0	2175	0	000000	0008150860
20000000A210227	thirdFILE	bc150.source.aa	thirdFILE001	0	0	thirdFILE		aa0	704	0	000000	790668
20000000A21000	thirdFILE	bc112.source.aa	thirdFILE014	0	0	thirdFILE		aa0	1049	0	000000	0008360115
20000000A210204	thirdFILE	mc089.source.aa	thirdFILE000	0	0	thirdFILE		aa0	1375	0	000000	01348204230
20000000A210210	thirdFILE	mc251.source.aa	thirdFILE002	0	0	thirdFILE		aa0	1373	0	000000	013463204340
20000000A210216	thirdFILE	mc234.source.aa	thirdFILE015	0	0	thirdFILE		aa0	1375	0	000000	013477704250
20000000A210225	thirdFILE	mc158.source.aa	thirdFILE012	0	0	thirdFILE		aa0	1375	0	000000	013485104200
20000000A210232	thirdFILE	mc164.source.aa	thirdFILE013	0	0	thirdFILE		aa0	1376	0	000000	013487404190
20000000A210211	thirdFILE	bc033.source.aa	thirdFILE004	0	0	thirdFILE		aa0	1460	0	000000	014313809320
20000000A21000	thirdFILE	mc179.source.aa	thirdFILE003	0	0	thirdFILE		aa0	1456	0	000000	014295309430
20000000A21000	thirdFILE	mc013.source.aa	thirdFILE005	0	0	thirdFILE		aa0	2047	0	000000	020005406220
20000000A21000	thirdFILE	mc106.source.aa	thirdFILE011	0	0	thirdFILE		aa0	2080	0	000000	02054405280
20000000A21000	thirdFILE	mc070.source.aa	thirdFILE007	0	0	thirdFILE		aa0	2120	0	000000	020931704250
20000000A210229	thirdFILE	mc075.source.aa	thirdFILE008	0	0	thirdFILE		aa0	2108	0	000000	020806104570
20000000A210216	thirdFILE	mc048.source.aa	thirdFILE009	0	0	thirdFILE		aa0	2124	0	000000	020971004140
20000000A210227	thirdFILE	mc082.source.aa	thirdFILE006	0	0	thirdFILE		aa0	2126	0	000000	020991504090
20000000A130210	thirdFILE	bc147.source.aa	thirdFILE003	0	0	thirdFILE		aa0	705	0	000000	2000
20000000A130231	thirdFILE	bc130.source.aa	thirdFILE005	0	0	thirdFILE		aa0	704	0	000000	450669
20000000A130230	thirdFILE	bc136.source.aa	thirdFILE004	0	0	thirdFILE		aa0	707	0	000000	000590661
20000000A130204	thirdFILE	mc248.source.aa	thirdFILE002	0	0	thirdFILE		aa0	1373	0	000000	013461604350
20000000A130212	thirdFILE	mc125.source.aa	thirdFILE008	0	0	thirdFILE		aa0	1374	0	000000	01347304290
20000000A13000	thirdFILE	mc126.source.aa	thirdFILE011	0	0	thirdFILE		aa0	1374	0	000000	013467104310
20000000A130223	thirdFILE	mc227.source.aa	thirdFILE014	0	0	thirdFILE		aa0	1374	0	000000	013468604300
20000000A13000	thirdFILE	mc211.source.aa	thirdFILE013	0	0	thirdFILE		aa0	1373	0	000000	013461204350
20000000A13000	thirdFILE	bc079.source.aa	thirdFILE007	0	0	thirdFILE		aa0	1408	0	000000	000
20000000A13000	thirdFILE	bc028.source.aa	thirdFILE006	0	0	thirdFILE		aa0	1460	0	000000	014315509320
20000000A130225	thirdFILE	mc193.source.aa	thirdFILE001	0	0	thirdFILE		aa0	1454	0	000000	014267009590
20000000A130205	thirdFILE	mc058.source.aa	thirdFILE012	0	0	thirdFILE		aa0	2040	0	000000	020131406400
20000000A13000	thirdFILE	mc151.source.aa	thirdFILE015	0	0	thirdFILE		aa0	2073	0	000000	02046305490
20000000A130221	thirdFILE	mc020.source.aa	thirdFILE009	0	0	thirdFILE		aa0	2122	0	000000	02095204200
20000000A130229	thirdFILE	mc017.source.aa	thirdFILE000	0	0	thirdFILE		aa0	2162	0	000000	021351003180
20000000A170207	thirdFILE	bc161.source.aa	thirdFILE015	0	0	thirdFILE		aa0	704	0	000000	420669
20000000A17000	thirdFILE	bc141.source.aa	thirdFILE004	0	0	thirdFILE		aa0	704	0	000000	60667
20000000A170213	thirdFILE	mc223.source.aa	thirdFILE014	0	0	thirdFILE		aa0	1374	0	000000	013467504310
20000000A170213	thirdFILE	mc215.source.aa	thirdFILE013	0	0	thirdFILE		aa0	1375	0	000000	01348704230
20000000A170223	thirdFILE	mc122.source.aa	thirdFILE007	0	0	thirdFILE		aa0	1374	0	000000	013465804320
20000000A170210	thirdFILE	bc083.source.aa	thirdFILE009	0	0	thirdFILE		aa0	1408	0	000000	0008450370
20000000A170221	thirdFILE	bc095.source.aa	thirdFILE012	0	0	thirdFILE		aa0	1412	0	000000	0002600120
20000000A17000	thirdFILE	bc082.source.aa	thirdFILE000	0	0	thirdFILE		aa0	1410	0	000000	0000110270
20000000A170217	thirdFILE	bc046.source.aa	thirdFILE002	0	0	thirdFILE		aa0	1457	0	000000	014269509570
20000000A170217	thirdFILE	bc041.source.aa	thirdFILE003	0	0	thirdFILE		aa0	1458	0	000000	014281009510
20000000A170229	thirdFILE	bc038.source.aa	thirdFILE001	0	0	thirdFILE		aa0	1458	0	000000	014277909520
20000000A170210	thirdFILE	mc110.source.aa	thirdFILE006	0	0	thirdFILE		aa0	1887	0	000000	018597801050
20000000A170200	thirdFILE	mc014.source.aa	thirdFILE005	0	0	thirdFILE		aa0	2099	0	000000	02072300000
20000000A170200	thirdFILE	bc093.source.aa	thirdFILE011	0	0	thirdFILE		aa0	2120	0	000000	020908104310
20000000A17000	thirdFILE	mc016.source.aa	thirdFILE008	0	0	thirdFILE		aa0	2297	0	000000	000
20000000A21000	thirdFILE	bc132.source.aa	thirdFILE007	0	0	thirdFILE		aa0	696	0	000000	000
20000000A210211	thirdFILE	bc155.source.aa	thirdFILE013	0	0	thirdFILE		aa0	704	0	000000	400666
20000000A210212	thirdFILE	bc131.source.aa	thirdFILE003	0	0	thirdFILE		aa0	704	0	000000	490666
20000000A210230	thirdFILE	bc139.source.aa	thirdFILE002	0	0	thirdFILE		aa0	705	0	000000	470664
20000000A210223	thirdFILE	mc213.source.aa	thirdFILE011	0	0	thirdFILE		aa0	1374	0	000000	013474204270
20000000A21000	thirdFILE	mc252.source.aa	thirdFILE005	0	0	thirdFILE		aa0	1376	0	000000	013485704200
20000000A210225	thirdFILE	bc078.source.aa	thirdFILE006	0	0	thirdFILE		aa0	1406	0	000000	0006750470
20000000A210225	thirdFILE	bc068.source.aa	thirdFILE004	0	0	thirdFILE		aa0	1410	0	000000	0000500250
20000000A210213	thirdFILE	mc173.source.aa	thirdFILE001	0	0	thirdFILE		aa0	1452	0	000000	014247609690
20000000A210210	thirdFILE	mc205.source.aa	thirdFILE012	0	0	thirdFILE		aa0	1455	0	000000	01428509500
20000000A210221	thirdFILE	mc199.source.aa	thirdFILE014	0	0	thirdFILE		aa0	1455	0	000000	01428309510
20000000A210205	thirdFILE	mc079.source.aa	thirdFILE008	0	0	thirdFILE		aa0	1725	0	000000	01698006870
20000000A210225	thirdFILE	mc139.source.aa	thirdFILE000	0	0	thirdFILE		aa0	2053	0	000000	02026306040
20000000A210213	thirdFILE	mc217.source.aa	thirdFILE015	0	0	thirdFILE		aa0	2106	0	000000	020796404600
20000000A210219	thirdFILE	mc083.source.aa	thirdFILE009	0	0	thirdFILE		aa0	2113	0	000000	020859304430
20000000A000205	thirdFILE	mc111.source.aa	thirdFILE005	0	0	thirdFILE		aa0	1374	0	000000	013464904330
20000000A000213	thirdFILE	mc066.source.aa	thirdFILE009	0	0	thirdFILE		aa0	1376	0	000000	013486104190
20000000A000223	thirdFILE	mc230.source.aa	thirdFILE011	0	0	thirdFILE		aa0	1376	0	000000	013488204180
20000000A000229	thirdFILE	mc145.source.aa	thirdFILE014	0	0	thirdFILE		aa0	1374	0	000000	013465004330
20000000A000229	thirdFILE	mc152.source.aa	thirdFILE013	0	0	thirdFILE		aa0	1376	0	000000	013489204170
20000000A000227	thirdFILE	bc021.source.aa	thirdFILE001	0	0	thirdFILE		aa0	1460	0	000000	014304009380
20000000A000210	thirdFILE	mc168.source.aa	thirdFILE012	0	0	thirdFILE		aa0	1557	0	000000	015299504210
20000000A00000	thirdFILE	mc096.source.aa	thirdFILE006	0	0	thirdFILE		aa0	1558	0	000000	015309504170
20000000A000212	thirdFILE	mc127.source.aa	thirdFILE003	0	0	thirdFILE		aa0	2070	0	000000	02043405570
20000000A000200	thirdFILE	mc029.source.aa	thirdFILE007	0	0	thirdFILE		aa0	2083	0	000000	020564405210
20000000A000212	thirdFILE	mc064.source.aa	thirdFILE000	0	0	thirdFILE		aa0	2093	0	000000	020658104960
20000000A000210	thirdFILE	mc113.source.aa	thirdFILE002	0	0	thirdFILE		aa0	2110	0	000000	02083404500
20000000A000205	thirdFILE	bc105.source.aa	thirdFILE015	0	0	thirdFILE		aa0	2128	0	000000	020975904130
20000000A000229	thirdFILE	mc027.source.aa	thirdFILE008	0	0	thirdFILE		aa0	2118	0	000000	020909704300
20000000A00000	thirdFILE	mc063.source.aa	thirdFILE004	0	0	thirdFILE		aa0	2163	0	000000	021363803150
20000000A050206	thirdFILE	bc146.source.aa	thirdFILE004	0	0	thirdFILE		aa0	702	0	000000	067879000
20000000A05000	thirdFILE	bc134.source.aa	thirdFILE002	0	0	thirdFILE		aa0	704	0	000000	430666
20000000A050200	thirdFILE	mc124.source.aa	thirdFILE008	0	0	thirdFILE		aa0	1372	0	000000	013456804380
20000000A05000	thirdFILE	mc214.source.aa	thirdFILE014	0	0	thirdFILE		aa0	1374	0	000000	01347204290
20000000A050232	thirdFILE	mc138.source.aa	thirdFILE000	0	0	thirdFILE		aa0	1375	0	000000	013483404210
20000000A050205	thirdFILE	bc042.source.aa	thirdFILE001	0	0	thirdFILE		aa0	1456	0	000000	014265209600
20000000A050210	thirdFILE	mc183.source.aa	thirdFILE005	0	0	thirdFILE		aa0	1455	0	000000	014281709500
20000000A050213	thirdFILE	mc184.source.aa	thirdFILE003	0	0	thirdFILE		aa0	1456	0	000000	014289609460
20000000A05000	thirdFILE	mc202.source.aa	thirdFILE015	0	0	thirdFILE		aa0	1454	0	000000	014276309530
20000000A05000	thirdFILE	mc035.source.aa	thirdFILE012	0	0	thirdFILE		aa0	2022	0	000000	00053806900
20000000A050219	thirdFILE	bc070.source.aa	thirdFILE006	0	0	thirdFILE		aa0	2049	0	000000	020005606220
20000000A050205	thirdFILE	mc055.source.aa	thirdFILE007	0	0	thirdFILE		aa0	2070	0	000000	020446005530
20000000A050231	thirdFILE	mc116.source.aa	thirdFILE011	0	0	thirdFILE		aa0	2123	0	000000	020966404160
20000000A050204	thirdFILE	mc100.source.aa	thirdFILE009	0	0	thirdFILE		aa0	2222	0	000000	021946501740
20000000A05000	thirdFILE	mc037.source.aa	thirdFILE013	0	0	thirdFILE		aa0	2269	0	000000	0002330640
20000000A090207	thirdFILE	mc005.source.aa	thirdFILE011	0	0	thirdFILE		aa0	1374	0	000000	013471504280
20000000A090216	thirdFILE	mc160.source.aa	thirdFILE015	0	0	thirdFILE		aa0	1374	0	000000	013469304300
20000000A090221	thirdFILE	mc072.source.aa	thirdFILE006	0	0	thirdFILE		aa0	1375	0	000000	013479404240
20000000A090233	thirdFILE	mc123.source.aa	thirdFILE000	0	0	thirdFILE		aa0	1374	0	000000	013475504260
20000000A090206	thirdFILE	bc076.source.aa	thirdFILE001	0	0	thirdFILE		aa0	1410	0	000000	0000840230
20000000A090210	thirdFILE	mc178.source.aa	thirdFILE004	0	0	thirdFILE		aa0	1453	0	000000	014258309630
20000000A090232	thirdFILE	mc196.source.aa	thirdFILE014	0	0	thirdFILE		aa0	1453	0	000000	014266609590
20000000A090216	thirdFILE	bc071.source.aa	thirdFILE002	0	0	thirdFILE		aa0	1482	0	000000	01452608180
20000000A090221	thirdFILE	mc103.source.aa	thirdFILE005	0	0	thirdFILE		aa0	2047	0	000000	020201306210
20000000A090229	thirdFILE	bc072.source.aa	thirdFILE003	0	0	thirdFILE		aa0	2070	0	000000	020411805630
20000000A09000	thirdFILE	mc028.source.aa	thirdFILE007	0	0	thirdFILE		aa0	2088	0	000000	020616405070
20000000A090204	thirdFILE	mc030.source.aa	thirdFILE012	0	0	thirdFILE		aa0	2100	0	000000	02074904740
20000000A090232	thirdFILE	mc120.source.aa	thirdFILE009	0	0	thirdFILE		aa0	2097	0	000000	020696904860
20000000A09000	thirdFILE	mc077.source.aa	thirdFILE008	0	0	thirdFILE		aa0	2126	0	000000	020994804080
20000000A090231	thirdFILE	mc049.source.aa	thirdFILE013	0	0	thirdFILE		aa0	2138	0	000000	021114503780
20000000A130204	thirdFILE	mc128.source.aa	thirdFILE009	0	0	thirdFILE		aa0	1375	0	000000	013483304210
20000000A130221	thirdFILE	mc094.source.aa	thirdFILE012	0	0	thirdFILE		aa0	1372	0	000000	01345204410
20000000A13000	thirdFILE	mc003.source.aa	thirdFILE000	0	0	thirdFILE		aa0	1373	0	000000	013466604320
20000000A130212	thirdFILE	bc087.source.aa	thirdFILE013	0	0	thirdFILE		aa0	1410	0	000000	000
20000000A130204	thirdFILE	mc209.source.aa	thirdFILE014	0	0	thirdFILE		aa0	1454	0	000000	014274609540
20000000A130209	thirdFILE	mc188.source.aa	thirdFILE005	0	0	thirdFILE		aa0	1454	0	000000	014277009530
20000000A130207	thirdFILE	bc040.source.aa	thirdFILE004	0	0	thirdFILE		aa0	1460	0	000000	014308609350
20000000A130209	thirdFILE	bc019.source.aa	thirdFILE002	0	0	thirdFILE		aa0	1460	0	000000	014314109320
20000000A130227	thirdFILE	mc181.source.aa	thirdFILE001	0	0	thirdFILE		aa0	1452	0	000000	01425709670
20000000A13000	thirdFILE	bc035.source.aa	thirdFILE003	0	0	thirdFILE		aa0	1459	0	000000	014294309430
20000000A130225	thirdFILE	bc026.source.aa	thirdFILE006	0	0	thirdFILE		aa0	1460	0	000000	01432009290
20000000A130212	thirdFILE	bc100.source.aa	thirdFILE015	0	0	thirdFILE		aa0	1886	0	000000	018566901150
20000000A130230	thirdFILE	mc099.source.aa	thirdFILE011	0	0	thirdFILE		aa0	2057	0	000000	02030805930
20000000A13000	thirdFILE	mc091.source.aa	thirdFILE007	0	0	thirdFILE		aa0	2082	0	000000	020549505250
20000000A13000	thirdFILE	mc084.source.aa	thirdFILE008	0	0	thirdFILE		aa0	2155	0	000000	02128203360
20000000A21000	thirdFILE	bc158.source.aa	thirdFILE013	0	0	thirdFILE		aa0	704	0	000000	640666
20000000A210204	thirdFILE	mc019.source.aa	thirdFILE000	0	0	thirdFILE		aa0	1374	0	000000	013475404260
20000000A210207	thirdFILE	mc086.source.aa	thirdFILE011	0	0	thirdFILE		aa0	1375	0	000000	013478304240
20000000A210212	thirdFILE	mc040.source.aa	thirdFILE006	0	0	thirdFILE		aa0	1374	0	000000	01347904290
20000000A21000	thirdFILE	mc108.source.aa	thirdFILE004	0	0	thirdFILE		aa0	1372	0	000000	013458204370
20000000A210216	thirdFILE	mc088.source.aa	thirdFILE005	0	0	thirdFILE		aa0	1373	0	000000	013464904330
20000000A210216	thirdFILE	mc091.source.aa	thirdFILE001	0	0	thirdFILE		aa0	1375	0	000000	013483004210
20000000A21000	thirdFILE	mc143.source.aa	thirdFILE007	0	0	thirdFILE		aa0	1374	0	000000	013477204250
20000000A210227	thirdFILE	mc042.source.aa	thirdFILE012	0	0	thirdFILE		aa0	1374	0	000000	013474504270
20000000A21000	thirdFILE	mc009.source.aa	thirdFILE008	0	0	thirdFILE		aa0	1429	0	000000	000
20000000A21000	thirdFILE	mc233.source.aa	thirdFILE014	0	0	thirdFILE		aa0	1610	0	000000	015844901660
20000000A21000	thirdFILE	mc242.source.aa	thirdFILE015	0	0	thirdFILE		aa0	2050	0	000000	02024606090
20000000A210211	thirdFILE	mc061.source.aa	thirdFILE009	0	0	thirdFILE		aa0	2064	0	000000	020371005740
20000000A210229	thirdFILE	mc052.source.aa	thirdFILE002	0	0	thirdFILE		aa0	2093	0	000000	020661604950
20000000A210233	thirdFILE	mc053.source.aa	thirdFILE003	0	0	thirdFILE		aa0	2104	0	000000	020775304650
20000000A050204	thirdFILE	bc118.source.aa	thirdFILE009	0	0	thirdFILE		aa0	1066	0	000000	00064096
20000000A050216	thirdFILE	mc166.source.aa	thirdFILE008	0	0	thirdFILE		aa0	1376	0	000000	013493604150
20000000A050210	thirdFILE	mc007.source.aa	thirdFILE004	0	0	thirdFILE		aa0	1383	0	000000	013555103760
20000000A050229	thirdFILE	mc131.source.aa	thirdFILE006	0	0	thirdFILE		aa0	1376	0	000000	01349004160
20000000A05000	thirdFILE	bc106.source.aa	thirdFILE013	0	0	thirdFILE		aa0	1410	0	000000	0000670240
20000000A050221	thirdFILE	mc114.source.aa	thirdFILE003	0	0	thirdFILE		aa0	1433	0	000000	000690740
20000000A050206	thirdFILE	mc210.source.aa	thirdFILE011	0	0	thirdFILE		aa0	1454	0	000000	01427509570
20000000A05000	thirdFILE	mc172.source.aa	thirdFILE001	0	0	thirdFILE		aa0	1456	0	000000	014285009480
20000000A05000	thirdFILE	mc187.source.aa	thirdFILE002	0	0	thirdFILE		aa0	1456	0	000000	014288409470
20000000A050205	thirdFILE	mc239.source.aa	thirdFILE014	0	0	thirdFILE		aa0	2028	0	000000	02001410000
20000000A050200	thirdFILE	mc018.source.aa	thirdFILE007	0	0	thirdFILE		aa0	2050	0	000000	02000706140
20000000A050233	thirdFILE	mc041.source.aa	thirdFILE005	0	0	thirdFILE		aa0	2030	0	000000	020031806680
20000000A050205	thirdFILE	mc241.source.aa	thirdFILE012	0	0	thirdFILE		aa0	2086	0	000000	020591705140
20000000A050210	thirdFILE	bc102.source.aa	thirdFILE015	0	0	thirdFILE		aa0	2138	0	000000	02108703860
20000000A05000	thirdFILE	mc244.source.aa	thirdFILE000	0	0	thirdFILE		aa0	2187	0	000000	0009620580
20000000A090213	thirdFILE	bc126.source.aa	thirdFILE003	0	0	thirdFILE		aa0	704	0	000000	30667
20000000A090225	thirdFILE	bc144.source.aa	thirdFILE005	0	0	thirdFILE		aa0	704	0	000000	570666
20000000A090207	thirdFILE	mc225.source.aa	thirdFILE014	0	0	thirdFILE		aa0	1373	0	000000	013459604360
20000000A090217	thirdFILE	mc101.source.aa	thirdFILE008	0	0	thirdFILE		aa0	1373	0	000000	013464904330
20000000A09000	thirdFILE	mc141.source.aa	thirdFILE006	0	0	thirdFILE		aa0	1375	0	000000	013488204180
20000000A090217	thirdFILE	mc132.source.aa	thirdFILE011	0	0	thirdFILE		aa0	1376	0	000000	013476004260
20000000A090223	thirdFILE	mc060.source.aa	thirdFILE009	0	0	thirdFILE		aa0	1374	0	000000	013476204260
20000000A09000	thirdFILE	mc169.source.aa	thirdFILE001	0	0	thirdFILE		aa0	1450	0	000000	014245209710
20000000A090213	thirdFILE	mc186.source.aa	thirdFILE004	0	0	thirdFILE		aa0	1455	0	000000	014286309480
20000000A09000	thirdFILE	mc176.source.aa	thirdFILE002	0	0	thirdFILE		aa0	1452	0	000000	014257709640
20000000A090219	thirdFILE	mc201.source.aa	thirdFILE013	0	0	thirdFILE		aa0	1457	0	000000	01430609400
20000000A090229	thirdFILE	mc229.source.aa	thirdFILE015	0	0	thirdFILE		aa0	2096	0	000000	02069304880
20000000A090227	thirdFILE	mc062.source.aa	thirdFILE000	0	0	thirdFILE		aa0	2142	0	000000	021154103670
20000000A090232	thirdFILE	mc033.source.aa	thirdFILE012	0	0	thirdFILE		aa0	2146	0	000000	021193203580
20000000A090232	thirdFILE	mc054.source.aa	thirdFILE007	0	0	thirdFILE		aa0	2240	0	000000	02213901300
20000000A130219	thirdFILE	bc168.source.aa	thirdFILE015	0	0	thirdFILE		aa0	498	0	000000	000
20000000A13000	thirdFILE	bc140.source.aa	thirdFILE001	0	0	thirdFILE		aa0	697	0	000000	000
20000000A130219	thirdFILE	bc149.source.aa	thirdFILE002	0	0	thirdFILE		aa0	703	0	000000	350669
20000000A130235	thirdFILE	bc156.source.aa	thirdFILE000	0	0	thirdFILE		aa0	704	0	000000	490666
20000000A130227	thirdFILE	bc114.source.aa	thirdFILE014	0	0	thirdFILE		aa0	1059	0	000000	000
20000000A13000	thirdFILE	mc163.source.aa	thirdFILE012	0	0	thirdFILE		aa0	1377	0	000000	013499504110
20000000A130234	thirdFILE	mc148.source.aa	thirdFILE011	0	0	thirdFILE		aa0	1375	0	000000	01347804280
20000000A130233	thirdFILE	mc133.source.aa	thirdFILE006	0	0	thirdFILE		aa0	1384	0	000000	013569103680
20000000A130216	thirdFILE	bc091.source.aa	thirdFILE013	0	0	thirdFILE		aa0	1407	0	000000	0007390430
20000000A130229	thirdFILE	bc110.source.aa	thirdFILE003	0	0	thirdFILE		aa0	1408	0	000000	0008360380
20000000A130231	thirdFILE	mc191.source.aa	thirdFILE004	0	0	thirdFILE		aa0	1455	0	000000	014279809510
20000000A130239	thirdFILE	mc025.source.aa	thirdFILE005	0	0	thirdFILE		aa0	2000	0	000000	01973907550
20000000A130233	thirdFILE	mc022.source.aa	thirdFILE008	0	0	thirdFILE		aa0	2080	0	000000	020544205270
20000000A130221	thirdFILE	mc081.source.aa	thirdFILE009	0	0	thirdFILE		aa0	2113	0	000000	020859404430
20000000A130232	thirdFILE	mc078.source.aa	thirdFILE007	0	0	thirdFILE		aa0	2133	0	000000	021056703920
20000000A170209	thirdFILE	bc154.source.aa	thirdFILE000	0	0	thirdFILE		aa0	704	0	000000	710668
20000000A170209	thirdFILE	bc127.source.aa	thirdFILE001	0	0	thirdFILE		aa0	706	0	000000	480664
20000000A170211	thirdFILE	bc145.source.aa	thirdFILE005	0	0	thirdFILE		aa0	705	0	000000	810668
20000000A170230	thirdFILE	bc152.source.aa	thirdFILE011	0	0	thirdFILE		aa0	700	0	000000	000
20000000A170216	thirdFILE	mc147.source.aa	thirdFILE014	0	0	thirdFILE		aa0	1374	0	000000	013465004330
20000000A170217	thirdFILE	mc224.source.aa	thirdFILE012	0	0	thirdFILE		aa0	1373	0	000000	013459004360
20000000A170221	thirdFILE	mc159.source.aa	thirdFILE009	0	0	thirdFILE		aa0	1372	0	000000	013451904410
20000000A170230	thirdFILE	mc153.source.aa	thirdFILE013	0	0	thirdFILE		aa0	1374	0	000000	013471304290
20000000A170219	thirdFILE	bc081.source.aa	thirdFILE015	0	0	thirdFILE		aa0	1409	0	000000	0008650360
20000000A170204	thirdFILE	bc037.source.aa	thirdFILE003	0	0	thirdFILE		aa0	1460	0	000000	01431209330
20000000A17000	thirdFILE	bc029.source.aa	thirdFILE002	0	0	thirdFILE		aa0	1462	0	000000	014319409290
20000000A170203	thirdFILE	mc069.source.aa	thirdFILE007	0	0	thirdFILE		aa0	2098	0	000000	02070604850
20000000A170232	thirdFILE	mc008.source.aa	thirdFILE006	0	0	thirdFILE		aa0	2072	0	000000	020451005520
20000000A170207	thirdFILE	bc069.source.aa	thirdFILE004	0	0	thirdFILE		aa0	2113	0	000000	020829504510
20000000A17000	thirdFILE	bc098.source.aa	thirdFILE008	0	0	thirdFILE		aa0	2328	0	000000	022975609420
20000000A210207	thirdFILE	bc164.source.aa	thirdFILE014	0	0	thirdFILE		aa0	704	0	000000	470669
20000000A210227	thirdFILE	bc113.source.aa	thirdFILE008	0	0	thirdFILE		aa0	1048	0	000000	000
20000000A210204	thirdFILE	mc031.source.aa	thirdFILE005	0	0	thirdFILE		aa0	1374	0	000000	01346704340
20000000A210210	thirdFILE	mc087.source.aa	thirdFILE006	0	0	thirdFILE		aa0	1373	0	000000	013464804330
20000000A210216	thirdFILE	mc212.source.aa	thirdFILE011	0	0	thirdFILE		aa0	1375	0	000000	013478704240
20000000A21000	thirdFILE	mc167.source.aa	thirdFILE007	0	0	thirdFILE		aa0	1372	0	000000	013451804410
20000000A210210	thirdFILE	mc249.source.aa	thirdFILE002	0	0	thirdFILE		aa0	1376	0	000000	01348704210
20000000A210210	thirdFILE	mc189.source.aa	thirdFILE001	0	0	thirdFILE		aa0	1456	0	000000	014285509480
20000000A21000	thirdFILE	bc096.source.aa	thirdFILE000	0	0	thirdFILE		aa0	1865	0	000000	01835170000
20000000A21000	thirdFILE	mc090.source.aa	thirdFILE004	0	0	thirdFILE		aa0	2033	0	000000	020058506610
20000000A210204	thirdFILE	bc088.source.aa	thirdFILE009	0	0	thirdFILE		aa0	2114	0	000000	020841804480
20000000A210210	thirdFILE	mc011.source.aa	thirdFILE003	0	0	thirdFILE		aa0	2112	0	000000	020847604460
20000000A210210	thirdFILE	bc089.source.aa	thirdFILE013	0	0	thirdFILE		aa0	2146	0	000000	021163703650
20000000A210200	thirdFILE	bc097.source.aa	thirdFILE012	0	0	thirdFILE		aa0	2160	0	000000	021304703300
20000000A210219	thirdFILE	mc237.source.aa	thirdFILE015	0	0	thirdFILE		aa0	2257	0	000000	0009750920
20000000A00000	thirdFILE	bc119.source.aa	thirdFILE011	0	0	thirdFILE		aa0	1044	0	000000	0004410119
20000000A000209	thirdFILE	mc243.source.aa	thirdFILE015	0	0	thirdFILE		aa0	1374	0	000000	013463304340
20000000A000209	thirdFILE	mc093.source.aa	thirdFILE007	0	0	thirdFILE		aa0	1378	0	000000	013504904080
20000000A00000	thirdFILE	mc236.source.aa	thirdFILE012	0	0	thirdFILE		aa0	1374	0	000000	01347104280
20000000A00000	thirdFILE	mc104.source.aa	thirdFILE008	0	0	thirdFILE		aa0	1377	0	000000	01350804100
20000000A00000	thirdFILE	mc071.source.aa	thirdFILE009	0	0	thirdFILE		aa0	1375	0	000000	013476004260
20000000A000212	thirdFILE	mc182.source.aa	thirdFILE001	0	0	thirdFILE		aa0	1454	0	000000	014265309590
20000000A000216	thirdFILE	bc034.source.aa	thirdFILE004	0	0	thirdFILE		aa0	1458	0	000000	014277509530
20000000A00000	thirdFILE	bc031.source.aa	thirdFILE002	0	0	thirdFILE		aa0	1460	0	000000	014316609310
20000000A000231	thirdFILE	mc177.source.aa	thirdFILE003	0	0	thirdFILE		aa0	1457	0	000000	014296309420
20000000A000209	thirdFILE	mc121.source.aa	thirdFILE005	0	0	thirdFILE		aa0	2016	0	000000	0000207060
20000000A00000	thirdFILE	mc246.source.aa	thirdFILE013	0	0	thirdFILE		aa0	2073	0	000000	020456905500
20000000A000210	thirdFILE	mc034.source.aa	thirdFILE006	0	0	thirdFILE		aa0	2086	0	000000	020571705190
20000000A000221	thirdFILE	bc092.source.aa	thirdFILE000	0	0	thirdFILE		aa0	2116	0	000000	020858204440
20000000A000211	thirdFILE	bc103.source.aa	thirdFILE014	0	0	thirdFILE		aa0	2134	0	000000	021039003970
20000000A050221	thirdFILE	bc161.source.aa	thirdFILE015	0	0	thirdFILE		aa0	703	0	000000	10670
20000000A050232	thirdFILE	bc111.source.aa	thirdFILE002	0	0	thirdFILE		aa0	1076	0	000000	00076084
20000000A050219	thirdFILE	mc067.source.aa	thirdFILE012	0	0	thirdFILE		aa0	1380	0	000000	013537603870
20000000A05000	thirdFILE	bc077.source.aa	thirdFILE007	0	0	thirdFILE		aa0	1406	0	000000	0006710480
20000000A050211	thirdFILE	bc109.source.aa	thirdFILE000	0	0	thirdFILE		aa0	1412	0	000000	000
20000000A05000	thirdFILE	mc175.source.aa	thirdFILE003	0	0	thirdFILE		aa0	1450	0	000000	014225909820
20000000A050219	thirdFILE	bc025.source.aa	thirdFILE004	0	0	thirdFILE		aa0	1457	0	000000	01427909550
20000000A050219	thirdFILE	bc039.source.aa	thirdFILE005	0	0	thirdFILE		aa0	1460	0	000000	01431109330
20000000A050219	thirdFILE	bc018.source.aa	thirdFILE001	0	0	thirdFILE		aa0	1460	0	000000	014314309320
20000000A05000	thirdFILE	bc045.source.aa	thirdFILE009	0	0	thirdFILE		aa0	1462	0	000000	014319109300
20000000A05000	thirdFILE	bc030.source.aa	thirdFILE006	0	0	thirdFILE		aa0	1766	0	000000	017371705360
20000000A05000	thirdFILE	bc104.source.aa	thirdFILE014	0	0	thirdFILE		aa0	2032	0	000000	020027206690
20000000A050200	thirdFILE	bc073.source.aa	thirdFILE008	0	0	thirdFILE		aa0	2080	0	000000	020503805380
20000000A05000	thirdFILE	mc047.source.aa	thirdFILE011	0	0	thirdFILE		aa0	2130	0	000000	02100004020
20000000A05000	thirdFILE	bc094.source.aa	thirdFILE013	0	0	thirdFILE		aa0	2249	0	000000	022198001150
20000000A090209	thirdFILE	bc167.source.aa	thirdFILE007	0	0	thirdFILE		aa0	496	0	000000	000470378
20000000A090204	thirdFILE	bc133.source.aa	thirdFILE002	0	0	thirdFILE		aa0	699	0	000000	067581
20000000A090206	thirdFILE	bc160.source.aa	thirdFILE014	0	0	thirdFILE		aa0	703	0	000000	620668
20000000A090232	thirdFILE	bc163.source.aa	thirdFILE012	0	0	thirdFILE		aa0	700	0	000000	067855000
20000000A090210	thirdFILE	bc120.source.aa	thirdFILE015	0	0	thirdFILE		aa0	1079	0	000000	000941082
20000000A090223	thirdFILE	mc155.source.aa	thirdFILE008	0	0	thirdFILE		aa0	1374	0	000000	013479204240
20000000A090229	thirdFILE	mc238.source.aa	thirdFILE000	0	0	thirdFILE		aa0	1374	0	000000	013473704270
20000000A090233	thirdFILE	mc154.source.aa	thirdFILE009	0	0	thirdFILE		aa0	1374	0	000000	013476804250
20000000A090200	thirdFILE	bc024.source.aa	thirdFILE005	0	0	thirdFILE		aa0	1460	0	000000	01431809330
20000000A090217	thirdFILE	mc195.source.aa	thirdFILE003	0	0	thirdFILE		aa0	1453	0	000000	014264609600
20000000A09000	thirdFILE	mc192.source.aa	thirdFILE004	0	0	thirdFILE		aa0	1456	0	000000	014291809450
20000000A09000	thirdFILE	bc017.source.aa	thirdFILE001	0	0	thirdFILE		aa0	1457	0	000000	014278309520
20000000A090221	thirdFILE	mc245.source.aa	thirdFILE013	0	0	thirdFILE		aa0	2082	0	000000	02055705250
20000000A090232	thirdFILE	bc080.source.aa	thirdFILE006	0	0	thirdFILE		aa0	2082	0	000000	020533205300
20000000A090232	thirdFILE	bc107.source.aa	thirdFILE011	0	0	thirdFILE		aa0	2238	0	000000	00087901410
20000000A210200	thirdFILE	bc162.source.aa	thirdFILE015	0	0	thirdFILE		aa0	703	0	000000	760668
20000000A210231	thirdFILE	bc120.source.aa	thirdFILE014	0	0	thirdFILE		aa0	1072	0	000000	000
20000000A210206	thirdFILE	mc005.source.aa	thirdFILE004	0	0	thirdFILE		aa0	1375	0	000000	013479004240
20000000A21000	thirdFILE	mc252.source.aa	thirdFILE001	0	0	thirdFILE		aa0	1375	0	000000	013475604260
20000000A210223	thirdFILE	mc216.source.aa	thirdFILE009	0	0	thirdFILE		aa0	1374	0	000000	013464804330
20000000A21000	thirdFILE	mc248.source.aa	thirdFILE002	0	0	thirdFILE		aa0	1375	0	000000	013473304270
20000000A210227	thirdFILE	mc124.source.aa	thirdFILE005	0	0	thirdFILE		aa0	1377	0	000000	01349604150
20000000A210209	thirdFILE	bc106.source.aa	thirdFILE000	0	0	thirdFILE		aa0	1404	0	000000	0003720650
20000000A210217	thirdFILE	bc101.source.aa	thirdFILE013	0	0	thirdFILE		aa0	1410	0	000000	0009620300
20000000A210230	thirdFILE	bc027.source.aa	thirdFILE003	0	0	thirdFILE		aa0	1460	0	000000	014298409410
20000000A210211	thirdFILE	mc110.source.aa	thirdFILE008	0	0	thirdFILE		aa0	1656	0	000000	016285609720
20000000A210221	thirdFILE	mc069.source.aa	thirdFILE007	0	0	thirdFILE		aa0	2000	0	000000	00013307020
20000000A210217	thirdFILE	mc034.source.aa	thirdFILE006	0	0	thirdFILE		aa0	2049	0	000000	02000206170
20000000A210216	thirdFILE	bc099.source.aa	thirdFILE012	0	0	thirdFILE		aa0	2068	0	000000	020384305700
20000000A210204	thirdFILE	bc100.source.aa	thirdFILE011	0	0	thirdFILE		aa0	2083	0	000000	020534805290
20000000A000205	thirdFILE	mc102.source.aa	thirdFILE003	0	0	thirdFILE		aa0	1375	0	000000	013479604230
20000000A000207	thirdFILE	mc131.source.aa	thirdFILE007	0	0	thirdFILE		aa0	1374	0	000000	013471604280
20000000A000200	thirdFILE	mc143.source.aa	thirdFILE001	0	0	thirdFILE		aa0	1375	0	000000	01348504230
20000000A000207	thirdFILE	mc118.source.aa	thirdFILE002	0	0	thirdFILE		aa0	1376	0	000000	013491704160
20000000A00000	thirdFILE	mc111.source.aa	thirdFILE004	0	0	thirdFILE		aa0	1374	0	000000	013474804260
20000000A000231	thirdFILE	mc146.source.aa	thirdFILE014	0	0	thirdFILE		aa0	1374	0	000000	013478404240
20000000A000200	thirdFILE	bc095.source.aa	thirdFILE011	0	0	thirdFILE		aa0	1412	0	000000	0002590120
20000000A00000	thirdFILE	mc199.source.aa	thirdFILE012	0	0	thirdFILE		aa0	1454	0	000000	014266709590
20000000A000233	thirdFILE	mc202.source.aa	thirdFILE013	0	0	thirdFILE		aa0	1455	0	000000	014281709500
20000000A00000	thirdFILE	mc061.source.aa	thirdFILE009	0	0	thirdFILE		aa0	2040	0	000000	020133006400
20000000A000229	thirdFILE	mc095.source.aa	thirdFILE000	0	0	thirdFILE		aa0	2067	0	000000	020409205630
20000000A000212	thirdFILE	mc240.source.aa	thirdFILE015	0	0	thirdFILE		aa0	2099	0	000000	020726504780
20000000A00000	thirdFILE	mc035.source.aa	thirdFILE005	0	0	thirdFILE		aa0	2102	0	000000	020755004710
20000000A00000	thirdFILE	mc020.source.aa	thirdFILE006	0	0	thirdFILE		aa0	2124	0	000000	020973904140
20000000A00000	thirdFILE	mc004.source.aa	thirdFILE008	0	0	thirdFILE		aa0	2230	0	000000	00027001550
20000000A05000	thirdFILE	bc167.source.aa	thirdFILE013	0	0	thirdFILE		aa0	497	0	000000	000
20000000A050231	thirdFILE	bc156.source.aa	thirdFILE011	0	0	thirdFILE		aa0	704	0	000000	710668
20000000A050205	thirdFILE	mc003.source.aa	thirdFILE007	0	0	thirdFILE		aa0	1372	0	000000	013447804430
20000000A050207	thirdFILE	mc072.source.aa	thirdFILE004	0	0	thirdFILE		aa0	1376	0	000000	013491304160
20000000A050210	thirdFILE	mc160.source.aa	thirdFILE015	0	0	thirdFILE		aa0	1374	0	000000	013461104350
20000000A050210	thirdFILE	mc128.source.aa	thirdFILE006	0	0	thirdFILE		aa0	1375	0	000000	013473104280
20000000A050217	thirdFILE	mc156.source.aa	thirdFILE014	0	0	thirdFILE		aa0	1374	0	000000	013471604280
20000000A050217	thirdFILE	mc085.source.aa	thirdFILE009	0	0	thirdFILE		aa0	1375	0	000000	01347904280
20000000A050210	thirdFILE	bc081.source.aa	thirdFILE012	0	0	thirdFILE		aa0	1409	0	000000	0000120270
20000000A050203	thirdFILE	bc042.source.aa	thirdFILE002	0	0	thirdFILE		aa0	1458	0	000000	014275509540
20000000A050200	thirdFILE	mc172.source.aa	thirdFILE001	0	0	thirdFILE		aa0	1454	0	000000	014276109530
20000000A05000	thirdFILE	mc201.source.aa	thirdFILE000	0	0	thirdFILE		aa0	1456	0	000000	014285609480
20000000A050200	thirdFILE	mc090.source.aa	thirdFILE005	0	0	thirdFILE		aa0	2079	0	000000	020515905340
20000000A050207	thirdFILE	mc095.source.aa	thirdFILE008	0	0	thirdFILE		aa0	2113	0	000000	020855104440
20000000A050223	thirdFILE	mc120.source.aa	thirdFILE003	0	0	thirdFILE		aa0	2123	0	000000	02095.510.4180
20000000A090211	thirdFILE	bc141.source.aa	thirdFILE002	0	0	thirdFILE		aa0	702	0	000000	000.670.671
20000000A09000	thirdFILE	bc146.source.aa	thirdFILE001	0	0	thirdFILE		aa0	700	0	000000	0678.600.673
20000000A090212	thirdFILE	bc151.source.aa	thirdFILE015	0	0	thirdFILE		aa0	704	0	000000	.370.666
20000000A090227	thirdFILE	bc113.source.aa	thirdFILE014	0	0	thirdFILE		aa0	1062	0	000000	0003.11099
20000000A09000	thirdFILE	mc155.source.aa	thirdFILE013	0	0	thirdFILE		aa0	1373	0	000000	01346.670.4310
20000000A090217	thirdFILE	mc141.source.aa	thirdFILE009	0	0	thirdFILE		aa0	1376	0	000000	01349.840.4120
20000000A090229	thirdFILE	mc122.source.aa	thirdFILE011	0	0	thirdFILE		aa0	1374	0	000000	01347.830.4240
20000000A090212	thirdFILE	mc189.source.aa	thirdFILE003	0	0	thirdFILE		aa0	1455	0	000000	01428.170.9500
20000000A09000	thirdFILE	mc181.source.aa	thirdFILE004	0	0	thirdFILE		aa0	1453	0	000000	0142690.9610
20000000A09000	thirdFILE	bc046.source.aa	thirdFILE006	0	0	thirdFILE		aa0	1456	0	000000	01426.640.9590
20000000A09000	thirdFILE	bc023.source.aa	thirdFILE007	0	0	thirdFILE		aa0	1457	0	000000	01427.750.9530
20000000A090231	thirdFILE	bc034.source.aa	thirdFILE005	0	0	thirdFILE		aa0	1456	0	000000	01426.810.9580
20000000A090233	thirdFILE	bc044.source.aa	thirdFILE008	0	0	thirdFILE		aa0	1460	0	000000	0143260.9280
20000000A09000	thirdFILE	mc041.source.aa	thirdFILE012	0	0	thirdFILE		aa0	2075	0	000000	02048205440
20000000A090221	thirdFILE	mc012.source.aa	thirdFILE000	0	0	thirdFILE		aa0	2194	0	000000	02166970400
