20000000A000029	secondFILE	mc187.source.aa	secondFILE15.0009	0	0	secondFILE-0	00	603479	4516	0	0a0	000000
20000000A000029	secondFILE	mc193.source.aa	secondFILE15.0003	0	0	secondFILE-0	00	603479	4516	0	0a0	000000
20000000A000006	secondFILE	mc041.source.aa	secondFILE15.0014	0	0	secondFILE-0	00	603479	4666	0	0a0	000000
20000000A000024	secondFILE	mc177.source.aa	secondFILE15.0006	0	0	secondFILE-0	00	603479	4697	0	0a0	000000
20000000A000012	secondFILE	mc031.source.aa	secondFILE15.0011	0	0	secondFILE-0	00	603479	4726	0	0a0	000000
20000000A000013	secondFILE	mc249.source.aa	secondFILE15.0002	0	0	secondFILE-0	00	603479	4756	0	0a0	000000
20000000A000018	secondFILE	mc039.source.aa	secondFILE15.0013	0	0	secondFILE-0	00	603479	4756	0	0a0	000000
20000000A000027	secondFILE	mc128.source.aa	secondFILE15.0012	0	0	secondFILE-0	00	603479	4786	0	0a0	000000
20000000A000025	secondFILE	bc017.source.aa	secondFILE15.0001	0	0	secondFILE-0	00	603479	4877	0	0a0	000000
20000000A000030	secondFILE	bc027.source.aa	secondFILE15.0007	0	0	secondFILE-0	00	603479	4908	0	0a0	000000
20000000A000005	secondFILE	bc025.source.aa	secondFILE15.0005	0	0	secondFILE-0	00	603479	5027	0	0a0	000000
20000000A000015	secondFILE	bc070.source.aa	secondFILE15.0010	0	0	secondFILE-0	00	603479	5117	0	0a0	000000
20000000A000005	secondFILE	bc109.source.aa	secondFILE15.0004	0	0	secondFILE-0	00	603479	5148	0	0a0	000000
20000000A000017	secondFILE	bc035.source.aa	secondFILE15.0008	0	0	secondFILE-0	00	603479	5208	0	0a0	000000
20000000A000028	secondFILE	mc016.source.aa	secondFILE15.0015	0	0	secondFILE-0	00	603479	5207	0	0a0	000000
20000000A062213	secondFILE	mc133.source.aa	secondFILE19.0012	0	0	secondFILE-0	00	603479	4485	0	0a0	000000
20000000A062218	secondFILE	mc005.source.aa	secondFILE19.0015	0	0	secondFILE-0	00	603479	4485	0	0a0	000000
20000000A062223	secondFILE	mc137.source.aa	secondFILE19.0008	0	0	secondFILE-0	00	603479	4486	0	0a0	000000
20000000A062228	secondFILE	mc029.source.aa	secondFILE19.0007	0	0	secondFILE-0	00	603479	4486	0	0a0	000000
20000000A062231	secondFILE	mc075.source.aa	secondFILE19.0011	0	0	secondFILE-0	00	603479	4486	0	0a0	000000
20000000A062231	secondFILE	mc088.source.aa	secondFILE19.0013	0	0	secondFILE-0	00	603479	4756	0	0a0	000000
20000000A062218	secondFILE	mc081.source.aa	secondFILE19.0009	0	0	secondFILE-0	00	603479	4786	0	0a0	000000
20000000A062204	secondFILE	mc028.source.aa	secondFILE19.0010	0	0	secondFILE-0	00	603479	4816	0	0a0	000000
20000000A062219	secondFILE	mc067.source.aa	secondFILE19.0014	0	0	secondFILE-0	00	603479	4816	0	0a0	000000
20000000A062218	secondFILE	mc186.source.aa	secondFILE19.0002	0	0	secondFILE-0	00	603479	4846	0	0a0	000000
20000000A062207	secondFILE	mc183.source.aa	secondFILE19.0006	0	0	secondFILE-0	00	603479	4876	0	0a0	000000
20000000A062222	secondFILE	mc191.source.aa	secondFILE19.0001	0	0	secondFILE-0	00	603479	4876	0	0a0	000000
20000000A062223	secondFILE	mc190.source.aa	secondFILE19.0004	0	0	secondFILE-0	00	603479	4876	0	0a0	000000
20000000A062205	secondFILE	bc023.source.aa	secondFILE19.0003	0	0	secondFILE-0	00	603479	5147	0	0a0	000000
20000000A062219	secondFILE	bc076.source.aa	secondFILE19.0005	0	0	secondFILE-0	00	603479	5208	0	0a0	000000
20000000A100009	secondFILE	bc130.source.aa	secondFILE22.0007	0	0	secondFILE-0	00	603479	3618	0	0a0	000000
20000000A102208	secondFILE	bc147.source.aa	secondFILE22.0006	0	0	secondFILE-0	00	603479	3643	0	0a0	000000
20000000A102232	secondFILE	bc144.source.aa	secondFILE22.0009	0	0	secondFILE-0	00	603479	4184	0	0a0	000000
20000000A100006	secondFILE	bc133.source.aa	secondFILE22.0008	0	0	secondFILE-0	00	603479	4304	0	0a0	000000
20000000A102232	secondFILE	mc122.source.aa	secondFILE22.0012	0	0	secondFILE-0	00	603479	4485	0	0a0	000000
20000000A102210	secondFILE	mc042.source.aa	secondFILE22.0011	0	0	secondFILE-0	00	603479	4636	0	0a0	000000
20000000A100006	secondFILE	mc108.source.aa	secondFILE22.0015	0	0	secondFILE-0	00	603479	4636	0	0a0	000000
20000000A100006	secondFILE	mc096.source.aa	secondFILE22.0014	0	0	secondFILE-0	00	603479	4756	0	0a0	000000
20000000A102205	secondFILE	mc189.source.aa	secondFILE22.0002	0	0	secondFILE-0	00	603479	4846	0	0a0	000000
20000000A100001	secondFILE	mc095.source.aa	secondFILE22.0013	0	0	secondFILE-0	00	603479	4846	0	0a0	000000
20000000A102214	secondFILE	mc173.source.aa	secondFILE22.0001	0	0	secondFILE-0	00	603479	4876	0	0a0	000000
20000000A100004	secondFILE	bc029.source.aa	secondFILE22.0005	0	0	secondFILE-0	00	603479	4998	0	0a0	000000
20000000A100008	secondFILE	bc073.source.aa	secondFILE22.0004	0	0	secondFILE-0	00	603479	4997	0	0a0	000000
20000000A102206	secondFILE	bc041.source.aa	secondFILE22.0010	0	0	secondFILE-0	00	603479	5027	0	0a0	000000
20000000A102230	secondFILE	bc045.source.aa	secondFILE22.0003	0	0	secondFILE-0	00	603479	5177	0	0a0	000000
20000000A142206	secondFILE	mc037.source.aa	secondFILE38.0015	0	0	secondFILE-0	00	603479	4485	0	0a0	000000
20000000A142222	secondFILE	mc127.source.aa	secondFILE38.0014	0	0	secondFILE-0	00	603479	4485	0	0a0	000000
20000000A142225	secondFILE	mc107.source.aa	secondFILE38.0006	0	0	secondFILE-0	00	603479	4485	0	0a0	000000
20000000A142232	secondFILE	mc060.source.aa	secondFILE38.0011	0	0	secondFILE-0	00	603479	4485	0	0a0	000000
20000000A142203	secondFILE	mc035.source.aa	secondFILE38.0008	0	0	secondFILE-0	00	603479	4696	0	0a0	000000
20000000A142212	secondFILE	mc007.source.aa	secondFILE38.0012	0	0	secondFILE-0	00	603479	4726	0	0a0	000000
20000000A142210	secondFILE	mc011.source.aa	secondFILE38.0009	0	0	secondFILE-0	00	603479	4756	0	0a0	000000
20000000A142220	secondFILE	mc139.source.aa	secondFILE38.0005	0	0	secondFILE-0	00	603479	4785	0	0a0	000000
20000000A142229	secondFILE	mc116.source.aa	secondFILE38.0007	0	0	secondFILE-0	00	603479	4786	0	0a0	000000
20000000A142229	secondFILE	mc014.source.aa	secondFILE38.0004	0	0	secondFILE-0	00	603479	4786	0	0a0	000000
20000000A142231	secondFILE	mc061.source.aa	secondFILE38.0013	0	0	secondFILE-0	00	603479	4786	0	0a0	000000
20000000A142225	secondFILE	mc184.source.aa	secondFILE38.0001	0	0	secondFILE-0	00	603479	4846	0	0a0	000000
20000000A142205	secondFILE	bc075.source.aa	secondFILE38.0002	0	0	secondFILE-0	00	603479	4908	0	0a0	000000
20000000A142225	secondFILE	bc024.source.aa	secondFILE38.0003	0	0	secondFILE-0	00	603479	4937	0	0a0	000000
20000000A142221	secondFILE	mc090.source.aa	secondFILE38.0010	0	0	secondFILE-0	00	603479	5026	0	0a0	000000
20000000A182224	secondFILE	bc142.source.aa	secondFILE44.0003	0	0	secondFILE-0	00	603479	3798	0	0a0	000000
20000000A182208	secondFILE	bc150.source.aa	secondFILE44.0002	0	0	secondFILE-0	00	603479	4064	0	0a0	000000
20000000A182216	secondFILE	mc055.source.aa	secondFILE44.0014	0	0	secondFILE-0	00	603479	4486	0	0a0	000000
20000000A182217	secondFILE	mc023.source.aa	secondFILE44.0013	0	0	secondFILE-0	00	603479	4486	0	0a0	000000
20000000A182217	secondFILE	mc089.source.aa	secondFILE44.0011	0	0	secondFILE-0	00	603479	4546	0	0a0	000000
20000000A182221	secondFILE	mc009.source.aa	secondFILE44.0010	0	0	secondFILE-0	00	603479	4726	0	0a0	000000
20000000A182227	secondFILE	mc025.source.aa	secondFILE44.0015	0	0	secondFILE-0	00	603479	4756	0	0a0	000000
20000000A182211	secondFILE	mc125.source.aa	secondFILE44.0012	0	0	secondFILE-0	00	603479	4786	0	0a0	000000
20000000A182221	secondFILE	mc188.source.aa	secondFILE44.0009	0	0	secondFILE-0	00	603479	4786	0	0a0	000000
20000000A182218	secondFILE	mc169.source.aa	secondFILE44.0001	0	0	secondFILE-0	00	603479	4846	0	0a0	000000
20000000A182205	secondFILE	bc044.source.aa	secondFILE44.0005	0	0	secondFILE-0	00	603479	5177	0	0a0	000000
20000000A182209	secondFILE	bc069.source.aa	secondFILE44.0008	0	0	secondFILE-0	00	603479	5178	0	0a0	000000
20000000A182216	secondFILE	bc037.source.aa	secondFILE44.0006	0	0	secondFILE-0	00	603479	5177	0	0a0	000000
20000000A182221	secondFILE	bc033.source.aa	secondFILE44.0007	0	0	secondFILE-0	00	603479	5178	0	0a0	000000
20000000A182216	secondFILE	bc028.source.aa	secondFILE44.0004	0	0	secondFILE-0	00	603479	5208	0	0a0	000000
20000000A222221	secondFILE	bc128.source.aa	secondFILE59.0005	0	0	secondFILE-0	00	603479	3793	0	0a0	000000
20000000A222210	secondFILE	mc024.source.aa	secondFILE59.0014	0	0	secondFILE-0	00	603479	4485	0	0a0	000000
20000000A222215	secondFILE	mc131.source.aa	secondFILE59.0009	0	0	secondFILE-0	00	603479	4485	0	0a0	000000
20000000A222224	secondFILE	mc195.source.aa	secondFILE59.0006	0	0	secondFILE-0	00	603479	4545	0	0a0	000000
20000000A222210	secondFILE	mc043.source.aa	secondFILE59.0015	0	0	secondFILE-0	00	603479	4575	0	0a0	000000
20000000A222204	secondFILE	mc252.source.aa	secondFILE59.0007	0	0	secondFILE-0	00	603479	4755	0	0a0	000000
20000000A222220	secondFILE	mc012.source.aa	secondFILE59.0011	0	0	secondFILE-0	00	603479	4755	0	0a0	000000
20000000A222221	secondFILE	mc141.source.aa	secondFILE59.0012	0	0	secondFILE-0	00	603479	4756	0	0a0	000000
20000000A222213	secondFILE	mc019.source.aa	secondFILE59.0010	0	0	secondFILE-0	00	603479	4785	0	0a0	000000
20000000A222205	secondFILE	bc026.source.aa	secondFILE59.0003	0	0	secondFILE-0	00	603479	4877	0	0a0	000000
20000000A222218	secondFILE	bc031.source.aa	secondFILE59.0001	0	0	secondFILE-0	00	603479	4907	0	0a0	000000
20000000A222226	secondFILE	mc072.source.aa	secondFILE59.0013	0	0	secondFILE-0	00	603479	5116	0	0a0	000000
20000000A222215	secondFILE	bc074.source.aa	secondFILE59.0004	0	0	secondFILE-0	00	603479	5177	0	0a0	000000
20000000A222223	secondFILE	bc040.source.aa	secondFILE59.0002	0	0	secondFILE-0	00	603479	5177	0	0a0	000000
20000000A222228	secondFILE	bc111.source.aa	secondFILE59.0008	0	0	secondFILE-0	00	603479	8634	0	0a0	000000
20000000A000030	secondFILE	bc137.source.aa	secondFILE66.0002	0	0	secondFILE-0	00	603479	3644	0	0a0	000000
20000000A000013	secondFILE	bc139.source.aa	secondFILE66.0001	0	0	secondFILE-0	00	603479	3944	0	0a0	000000
20000000A000008	secondFILE	mc164.source.aa	secondFILE66.0013	0	0	secondFILE-0	00	603479	4486	0	0a0	000000
20000000A000014	secondFILE	mc084.source.aa	secondFILE66.0003	0	0	secondFILE-0	00	603479	4486	0	0a0	000000
20000000A000015	secondFILE	mc093.source.aa	secondFILE66.0007	0	0	secondFILE-0	00	603479	4485	0	0a0	000000
20000000A000017	secondFILE	mc077.source.aa	secondFILE66.0004	0	0	secondFILE-0	00	603479	4486	0	0a0	000000
20000000A000023	secondFILE	mc132.source.aa	secondFILE66.0010	0	0	secondFILE-0	00	603479	4486	0	0a0	000000
20000000A000011	secondFILE	mc101.source.aa	secondFILE66.0011	0	0	secondFILE-0	00	603479	4516	0	0a0	000000
20000000A000016	secondFILE	mc203.source.aa	secondFILE66.0014	0	0	secondFILE-0	00	603479	4546	0	0a0	000000
20000000A000031	secondFILE	mc211.source.aa	secondFILE66.0012	0	0	secondFILE-0	00	603479	4756	0	0a0	000000
20000000A000012	secondFILE	mc106.source.aa	secondFILE66.0006	0	0	secondFILE-0	00	603479	4786	0	0a0	000000
20000000A000024	secondFILE	mc034.source.aa	secondFILE66.0009	0	0	secondFILE-0	00	603479	4786	0	0a0	000000
20000000A000031	secondFILE	mc063.source.aa	secondFILE66.0005	0	0	secondFILE-0	00	603479	4786	0	0a0	000000
20000000A000015	secondFILE	mc064.source.aa	secondFILE66.0008	0	0	secondFILE-0	00	603479	4816	0	0a0	000000
20000000A000019	secondFILE	bc097.source.aa	secondFILE66.0015	0	0	secondFILE-0	00	603479	5177	0	0a0	000000
20000000A062215	secondFILE	bc158.source.aa	secondFILE69.0013	0	0	secondFILE-0	00	603479	3617	0	0a0	000000
20000000A062215	secondFILE	mc156.source.aa	secondFILE69.0015	0	0	secondFILE-0	00	603479	4485	0	0a0	000000
20000000A062232	secondFILE	mc078.source.aa	secondFILE69.0005	0	0	secondFILE-0	00	603479	4485	0	0a0	000000
20000000A062215	secondFILE	mc111.source.aa	secondFILE69.0009	0	0	secondFILE-0	00	603479	4515	0	0a0	000000
20000000A062225	secondFILE	mc048.source.aa	secondFILE69.0003	0	0	secondFILE-0	00	603479	4515	0	0a0	000000
20000000A062219	secondFILE	mc227.source.aa	secondFILE69.0014	0	0	secondFILE-0	00	603479	4605	0	0a0	000000
20000000A062219	secondFILE	mc079.source.aa	secondFILE69.0007	0	0	secondFILE-0	00	603479	4695	0	0a0	000000
20000000A062208	secondFILE	mc099.source.aa	secondFILE69.0010	0	0	secondFILE-0	00	603479	4755	0	0a0	000000
20000000A062214	secondFILE	mc046.source.aa	secondFILE69.0008	0	0	secondFILE-0	00	603479	4755	0	0a0	000000
20000000A062216	secondFILE	mc010.source.aa	secondFILE69.0011	0	0	secondFILE-0	00	603479	4755	0	0a0	000000
20000000A062212	secondFILE	mc104.source.aa	secondFILE69.0006	0	0	secondFILE-0	00	603479	4786	0	0a0	000000
20000000A062221	secondFILE	mc052.source.aa	secondFILE69.0012	0	0	secondFILE-0	00	603479	4785	0	0a0	000000
20000000A062206	secondFILE	mc172.source.aa	secondFILE69.0002	0	0	secondFILE-0	00	603479	4845	0	0a0	000000
20000000A062227	secondFILE	mc171.source.aa	secondFILE69.0001	0	0	secondFILE-0	00	603479	4875	0	0a0	000000
20000000A062215	secondFILE	mc082.source.aa	secondFILE69.0004	0	0	secondFILE-0	00	603479	4996	0	0a0	000000
20000000A102204	secondFILE	bc138.source.aa	secondFILE75.0001	0	0	secondFILE-0	00	603479	3703	0	0a0	000000
20000000A102210	secondFILE	bc126.source.aa	secondFILE75.0002	0	0	secondFILE-0	00	603479	3733	0	0a0	000000
20000000A100004	secondFILE	bc136.source.aa	secondFILE75.0003	0	0	secondFILE-0	00	603479	3733	0	0a0	000000
20000000A100007	secondFILE	bc141.source.aa	secondFILE75.0007	0	0	secondFILE-0	00	603479	4398	0	0a0	000000
20000000A100002	secondFILE	mc013.source.aa	secondFILE75.0010	0	0	secondFILE-0	00	603479	4485	0	0a0	000000
20000000A100007	secondFILE	mc066.source.aa	secondFILE75.0011	0	0	secondFILE-0	00	603479	4485	0	0a0	000000
20000000A102212	secondFILE	mc062.source.aa	secondFILE75.0013	0	0	secondFILE-0	00	603479	4515	0	0a0	000000
20000000A102230	secondFILE	mc094.source.aa	secondFILE75.0008	0	0	secondFILE-0	00	603479	4515	0	0a0	000000
20000000A102215	secondFILE	mc008.source.aa	secondFILE75.0015	0	0	secondFILE-0	00	603479	4635	0	0a0	000000
20000000A102204	secondFILE	mc054.source.aa	secondFILE75.0012	0	0	secondFILE-0	00	603479	4756	0	0a0	000000
20000000A102211	secondFILE	mc053.source.aa	secondFILE75.0014	0	0	secondFILE-0	00	603479	4756	0	0a0	000000
20000000A102233	secondFILE	mc126.source.aa	secondFILE75.0009	0	0	secondFILE-0	00	603479	4755	0	0a0	000000
20000000A102204	secondFILE	bc072.source.aa	secondFILE75.0004	0	0	secondFILE-0	00	603479	4907	0	0a0	000000
20000000A100005	secondFILE	bc079.source.aa	secondFILE75.0006	0	0	secondFILE-0	00	603479	4937	0	0a0	000000
20000000A102215	secondFILE	bc071.source.aa	secondFILE75.0005	0	0	secondFILE-0	00	603479	4967	0	0a0	000000
20000000A142204	secondFILE	mc074.source.aa	secondFILE78.0007	0	0	secondFILE-0	00	603479	4756	0	0a0	000000
20000000A142217	secondFILE	mc143.source.aa	secondFILE78.0006	0	0	secondFILE-0	00	603479	4760	0	0a0	000000
20000000A142229	secondFILE	mc105.source.aa	secondFILE78.0008	0	0	secondFILE-0	00	603479	4756	0	0a0	000000
20000000A142221	secondFILE	mc154.source.aa	secondFILE78.0012	0	0	secondFILE-0	00	603479	4785	0	0a0	000000
20000000A142222	secondFILE	mc073.source.aa	secondFILE78.0009	0	0	secondFILE-0	00	603479	4786	0	0a0	000000
20000000A142226	secondFILE	mc217.source.aa	secondFILE78.0011	0	0	secondFILE-0	00	603479	4786	0	0a0	000000
20000000A142226	secondFILE	mc110.source.aa	secondFILE78.0005	0	0	secondFILE-0	00	603479	4786	0	0a0	000000
20000000A142226	secondFILE	mc103.source.aa	secondFILE78.0004	0	0	secondFILE-0	00	603479	4786	0	0a0	000000
20000000A142229	secondFILE	mc121.source.aa	secondFILE78.0010	0	0	secondFILE-0	00	603479	4785	0	0a0	000000
20000000A142233	secondFILE	bc091.source.aa	secondFILE78.0015	0	0	secondFILE-0	00	603479	4937	0	0a0	000000
20000000A142206	secondFILE	bc110.source.aa	secondFILE78.0002	0	0	secondFILE-0	00	603479	5117	0	0a0	000000
20000000A142213	secondFILE	bc098.source.aa	secondFILE78.0014	0	0	secondFILE-0	00	603479	5148	0	0a0	000000
20000000A142210	secondFILE	bc068.source.aa	secondFILE78.0001	0	0	secondFILE-0	00	603479	5152	0	0a0	000000
20000000A142206	secondFILE	bc042.source.aa	secondFILE78.0003	0	0	secondFILE-0	00	603479	5177	0	0a0	000000
20000000A142220	secondFILE	bc113.source.aa	secondFILE78.0013	0	0	secondFILE-0	00	603479	8633	0	0a0	000000
20000000A182208	secondFILE	mc218.source.aa	secondFILE82.0010	0	0	secondFILE-0	00	603479	4486	0	0a0	000000
20000000A182225	secondFILE	mc003.source.aa	secondFILE82.0009	0	0	secondFILE-0	00	603479	4486	0	0a0	000000
20000000A182220	secondFILE	mc022.source.aa	secondFILE82.0008	0	0	secondFILE-0	00	603479	4516	0	0a0	000000
20000000A182207	secondFILE	mc175.source.aa	secondFILE82.0001	0	0	secondFILE-0	00	603479	4696	0	0a0	000000
20000000A182232	secondFILE	mc027.source.aa	secondFILE82.0006	0	0	secondFILE-0	00	603479	4696	0	0a0	000000
20000000A182212	secondFILE	mc138.source.aa	secondFILE82.0007	0	0	secondFILE-0	00	603479	4756	0	0a0	000000
20000000A182217	secondFILE	mc040.source.aa	secondFILE82.0005	0	0	secondFILE-0	00	603479	4756	0	0a0	000000
20000000A182228	secondFILE	mc248.source.aa	secondFILE82.0004	0	0	secondFILE-0	00	603479	4786	0	0a0	000000
20000000A182227	secondFILE	mc181.source.aa	secondFILE82.0002	0	0	secondFILE-0	00	603479	4846	0	0a0	000000
20000000A182224	secondFILE	bc082.source.aa	secondFILE82.0014	0	0	secondFILE-0	00	603479	4907	0	0a0	000000
20000000A182229	secondFILE	bc090.source.aa	secondFILE82.0013	0	0	secondFILE-0	00	603479	4967	0	0a0	000000
20000000A182232	secondFILE	bc095.source.aa	secondFILE82.0011	0	0	secondFILE-0	00	603479	5027	0	0a0	000000
20000000A182231	secondFILE	bc081.source.aa	secondFILE82.0012	0	0	secondFILE-0	00	603479	5116	0	0a0	000000
20000000A182212	secondFILE	bc077.source.aa	secondFILE82.0003	0	0	secondFILE-0	00	603479	5177	0	0a0	000000
20000000A182229	secondFILE	bc118.source.aa	secondFILE82.0015	0	0	secondFILE-0	00	603479	9414	0	0a0	000000
20000000A222204	secondFILE	mc021.source.aa	secondFILE86.0011	0	0	secondFILE-0	00	603479	4490	0	0a0	000000
20000000A222232	secondFILE	mc100.source.aa	secondFILE86.0006	0	0	secondFILE-0	00	603479	4485	0	0a0	000000
20000000A222207	secondFILE	mc179.source.aa	secondFILE86.0004	0	0	secondFILE-0	00	603479	4515	0	0a0	000000
20000000A222212	secondFILE	mc228.source.aa	secondFILE86.0014	0	0	secondFILE-0	00	603479	4635	0	0a0	000000
20000000A222214	secondFILE	mc017.source.aa	secondFILE86.0007	0	0	secondFILE-0	00	603479	4695	0	0a0	000000
20000000A222223	secondFILE	mc033.source.aa	secondFILE86.0012	0	0	secondFILE-0	00	603479	4756	0	0a0	000000
20000000A222228	secondFILE	mc047.source.aa	secondFILE86.0013	0	0	secondFILE-0	00	603479	4755	0	0a0	000000
20000000A222229	secondFILE	mc049.source.aa	secondFILE86.0008	0	0	secondFILE-0	00	603479	4755	0	0a0	000000
20000000A222210	secondFILE	mc051.source.aa	secondFILE86.0009	0	0	secondFILE-0	00	603479	4785	0	0a0	000000
20000000A222226	secondFILE	mc118.source.aa	secondFILE86.0010	0	0	secondFILE-0	00	603479	4786	0	0a0	000000
20000000A222231	secondFILE	mc030.source.aa	secondFILE86.0005	0	0	secondFILE-0	00	603479	4786	0	0a0	000000
20000000A222211	secondFILE	bc046.source.aa	secondFILE86.0001	0	0	secondFILE-0	00	603479	4907	0	0a0	000000
20000000A222211	secondFILE	bc034.source.aa	secondFILE86.0002	0	0	secondFILE-0	00	603479	5057	0	0a0	000000
20000000A222220	secondFILE	bc039.source.aa	secondFILE86.0003	0	0	secondFILE-0	00	603479	5177	0	0a0	000000
20000000A222213	secondFILE	bc089.source.aa	secondFILE86.0015	0	0	secondFILE-0	00	603479	5387	0	0a0	000000
20000000A000008	secondFILE	bc127.source.aa	secondFILE90.0002	0	0	secondFILE-0	00	603479	3613	0	0a0	000000
20000000A000004	secondFILE	bc140.source.aa	secondFILE90.0001	0	0	secondFILE-0	00	603479	3617	0	0a0	000000
20000000A000004	secondFILE	bc156.source.aa	secondFILE90.0013	0	0	secondFILE-0	00	603479	3648	0	0a0	000000
20000000A000006	secondFILE	bc159.source.aa	secondFILE90.0012	0	0	secondFILE-0	00	603479	3763	0	0a0	000000
20000000A000029	secondFILE	bc148.source.aa	secondFILE90.0004	0	0	secondFILE-0	00	603479	3913	0	0a0	000000
20000000A000003	secondFILE	mc151.source.aa	secondFILE90.0008	0	0	secondFILE-0	00	603479	4486	0	0a0	000000
20000000A000012	secondFILE	mc167.source.aa	secondFILE90.0011	0	0	secondFILE-0	00	603479	4486	0	0a0	000000
20000000A000028	secondFILE	mc123.source.aa	secondFILE90.0005	0	0	secondFILE-0	00	603479	4485	0	0a0	000000
20000000A000014	secondFILE	mc205.source.aa	secondFILE90.0010	0	0	secondFILE-0	00	603479	4576	0	0a0	000000
20000000A000021	secondFILE	mc146.source.aa	secondFILE90.0015	0	0	secondFILE-0	00	603479	4635	0	0a0	000000
20000000A000022	secondFILE	mc225.source.aa	secondFILE90.0014	0	0	secondFILE-0	00	603479	4696	0	0a0	000000
20000000A000009	secondFILE	mc087.source.aa	secondFILE90.0006	0	0	secondFILE-0	00	603479	4756	0	0a0	000000
20000000A000031	secondFILE	mc020.source.aa	secondFILE90.0007	0	0	secondFILE-0	00	603479	4756	0	0a0	000000
20000000A000012	secondFILE	bc096.source.aa	secondFILE90.0009	0	0	secondFILE-0	00	603479	4878	0	0a0	000000
20000000A000022	secondFILE	bc019.source.aa	secondFILE90.0003	0	0	secondFILE-0	00	603479	5178	0	0a0	000000
20000000A062222	secondFILE	bc151.source.aa	secondFILE93.0008	0	0	secondFILE-0	00	603479	3673	0	0a0	000000
20000000A062232	secondFILE	bc134.source.aa	secondFILE93.0002	0	0	secondFILE-0	00	603479	3703	0	0a0	000000
20000000A062230	secondFILE	bc155.source.aa	secondFILE93.0013	0	0	secondFILE-0	00	603479	3913	0	0a0	000000
20000000A062207	secondFILE	mc085.source.aa	secondFILE93.0004	0	0	secondFILE-0	00	603479	4485	0	0a0	000000
20000000A062231	secondFILE	mc070.source.aa	secondFILE93.0005	0	0	secondFILE-0	00	603479	4485	0	0a0	000000
20000000A062213	secondFILE	mc166.source.aa	secondFILE93.0012	0	0	secondFILE-0	00	603479	4756	0	0a0	000000
20000000A062218	secondFILE	mc091.source.aa	secondFILE93.0006	0	0	secondFILE-0	00	603479	4756	0	0a0	000000
20000000A062229	secondFILE	mc149.source.aa	secondFILE93.0010	0	0	secondFILE-0	00	603479	4756	0	0a0	000000
20000000A062204	secondFILE	mc153.source.aa	secondFILE93.0011	0	0	secondFILE-0	00	603479	4786	0	0a0	000000
20000000A062217	secondFILE	mc145.source.aa	secondFILE93.0007	0	0	secondFILE-0	00	603479	4785	0	0a0	000000
20000000A062215	secondFILE	bc084.source.aa	secondFILE93.0014	0	0	secondFILE-0	00	603479	4877	0	0a0	000000
20000000A062218	secondFILE	bc093.source.aa	secondFILE93.0015	0	0	secondFILE-0	00	603479	4877	0	0a0	000000
20000000A062206	secondFILE	bc080.source.aa	secondFILE93.0003	0	0	secondFILE-0	00	603479	5087	0	0a0	000000
20000000A062231	secondFILE	bc036.source.aa	secondFILE93.0001	0	0	secondFILE-0	00	603479	5087	0	0a0	000000
20000000A062219	secondFILE	bc086.source.aa	secondFILE93.0009	0	0	secondFILE-0	00	603479	5117	0	0a0	000000
20000000A102210	secondFILE	bc132.source.aa	secondFILE97.0001	0	0	secondFILE-0	00	603479	3613	0	0a0	000000
20000000A102211	secondFILE	bc152.source.aa	secondFILE97.0009	0	0	secondFILE-0	00	603479	3613	0	0a0	000000
20000000A102232	secondFILE	bc145.source.aa	secondFILE97.0002	0	0	secondFILE-0	00	603479	3674	0	0a0	000000
20000000A100006	secondFILE	mc124.source.aa	secondFILE97.0004	0	0	secondFILE-0	00	603479	4485	0	0a0	000000
20000000A102232	secondFILE	mc223.source.aa	secondFILE97.0014	0	0	secondFILE-0	00	603479	4486	0	0a0	000000
20000000A102206	secondFILE	mc083.source.aa	secondFILE97.0005	0	0	secondFILE-0	00	603479	4515	0	0a0	000000
20000000A100002	secondFILE	mc202.source.aa	secondFILE97.0007	0	0	secondFILE-0	00	603479	4606	0	0a0	000000
20000000A100009	secondFILE	mc159.source.aa	secondFILE97.0015	0	0	secondFILE-0	00	603479	4696	0	0a0	000000
20000000A100005	secondFILE	mc213.source.aa	secondFILE97.0012	0	0	secondFILE-0	00	603479	4726	0	0a0	000000
20000000A100008	secondFILE	mc109.source.aa	secondFILE97.0006	0	0	secondFILE-0	00	603479	4756	0	0a0	000000
20000000A102218	secondFILE	mc251.source.aa	secondFILE97.0003	0	0	secondFILE-0	00	603479	4786	0	0a0	000000
20000000A100000	secondFILE	mc229.source.aa	secondFILE97.0011	0	0	secondFILE-0	00	603479	4786	0	0a0	000000
20000000A102203	secondFILE	mc196.source.aa	secondFILE97.0013	0	0	secondFILE-0	00	603479	4876	0	0a0	000000
20000000A102205	secondFILE	bc112.source.aa	secondFILE97.0008	0	0	secondFILE-0	00	603479	8663	0	0a0	000000
20000000A100003	secondFILE	bc114.source.aa	secondFILE97.0010	0	0	secondFILE-0	00	603479	8663	0	0a0	000000
20000000A142227	secondFILE	bc167.source.aa	secondFILE39.0007	0	0	secondFILE-0	00	603479	3703	0	0a0	000000
20000000A142226	secondFILE	mc152.source.aa	secondFILE39.0008	0	0	secondFILE-0	00	603479	4485	0	0a0	000000
20000000A142228	secondFILE	mc097.source.aa	secondFILE39.0003	0	0	secondFILE-0	00	603479	4485	0	0a0	000000
20000000A142230	secondFILE	mc155.source.aa	secondFILE39.0010	0	0	secondFILE-0	00	603479	4485	0	0a0	000000
20000000A142210	secondFILE	mc215.source.aa	secondFILE39.0005	0	0	secondFILE-0	00	603479	4695	0	0a0	000000
20000000A142232	secondFILE	mc120.source.aa	secondFILE39.0004	0	0	secondFILE-0	00	603479	4755	0	0a0	000000
20000000A142205	secondFILE	mc114.source.aa	secondFILE39.0002	0	0	secondFILE-0	00	603479	4786	0	0a0	000000
20000000A142225	secondFILE	mc199.source.aa	secondFILE39.0011	0	0	secondFILE-0	00	603479	4845	0	0a0	000000
20000000A142229	secondFILE	bc106.source.aa	secondFILE39.0014	0	0	secondFILE-0	00	603479	4877	0	0a0	000000
20000000A142222	secondFILE	bc088.source.aa	secondFILE39.0006	0	0	secondFILE-0	00	603479	4907	0	0a0	000000
20000000A142211	secondFILE	bc102.source.aa	secondFILE39.0012	0	0	secondFILE-0	00	603479	4996	0	0a0	000000
20000000A142217	secondFILE	bc103.source.aa	secondFILE39.0013	0	0	secondFILE-0	00	603479	5177	0	0a0	000000
20000000A142233	secondFILE	bc105.source.aa	secondFILE39.0015	0	0	secondFILE-0	00	603479	5177	0	0a0	000000
20000000A142231	secondFILE	bc020.source.aa	secondFILE39.0001	0	0	secondFILE-0	00	603479	5207	0	0a0	000000
20000000A142208	secondFILE	bc119.source.aa	secondFILE39.0009	0	0	secondFILE-0	00	603479	8664	0	0a0	000000
20000000A182208	secondFILE	bc163.source.aa	secondFILE65.0015	0	0	secondFILE-0	00	603479	3613	0	0a0	000000
20000000A182222	secondFILE	bc168.source.aa	secondFILE65.0014	0	0	secondFILE-0	00	603479	3674	0	0a0	000000
20000000A182224	secondFILE	bc165.source.aa	secondFILE65.0009	0	0	secondFILE-0	00	603479	3708	0	0a0	000000
20000000A182205	secondFILE	mc113.source.aa	secondFILE65.0003	0	0	secondFILE-0	00	603479	4486	0	0a0	000000
20000000A182210	secondFILE	mc158.source.aa	secondFILE65.0011	0	0	secondFILE-0	00	603479	4486	0	0a0	000000
20000000A182220	secondFILE	mc018.source.aa	secondFILE65.0005	0	0	secondFILE-0	00	603479	4485	0	0a0	000000
20000000A182229	secondFILE	mc069.source.aa	secondFILE65.0002	0	0	secondFILE-0	00	603479	4695	0	0a0	000000
20000000A182216	secondFILE	mc086.source.aa	secondFILE65.0006	0	0	secondFILE-0	00	603479	4756	0	0a0	000000
20000000A182225	secondFILE	mc026.source.aa	secondFILE65.0007	0	0	secondFILE-0	00	603479	4756	0	0a0	000000
20000000A182228	secondFILE	mc147.source.aa	secondFILE65.0012	0	0	secondFILE-0	00	603479	4756	0	0a0	000000
20000000A182233	secondFILE	mc058.source.aa	secondFILE65.0004	0	0	secondFILE-0	00	603479	4756	0	0a0	000000
20000000A182210	secondFILE	mc165.source.aa	secondFILE65.0008	0	0	secondFILE-0	00	603479	4786	0	0a0	000000
20000000A182229	secondFILE	mc212.source.aa	secondFILE65.0013	0	0	secondFILE-0	00	603479	4786	0	0a0	000000
20000000A182231	secondFILE	bc085.source.aa	secondFILE65.0010	0	0	secondFILE-0	00	603479	5117	0	0a0	000000
20000000A182226	secondFILE	bc018.source.aa	secondFILE65.0001	0	0	secondFILE-0	00	603479	5178	0	0a0	000000
20000000A222204	secondFILE	bc131.source.aa	secondFILE73.0003	0	0	secondFILE-0	00	603479	3644	0	0a0	000000
20000000A222214	secondFILE	bc161.source.aa	secondFILE73.0009	0	0	secondFILE-0	00	603479	3883	0	0a0	000000
20000000A222218	secondFILE	mc234.source.aa	secondFILE73.0010	0	0	secondFILE-0	00	603479	4485	0	0a0	000000
20000000A222223	secondFILE	mc239.source.aa	secondFILE73.0011	0	0	secondFILE-0	00	603479	4485	0	0a0	000000
20000000A222228	secondFILE	mc214.source.aa	secondFILE73.0006	0	0	secondFILE-0	00	603479	4485	0	0a0	000000
20000000A222208	secondFILE	mc233.source.aa	secondFILE73.0013	0	0	secondFILE-0	00	603479	4514	0	0a0	000000
20000000A222225	secondFILE	mc207.source.aa	secondFILE73.0012	0	0	secondFILE-0	00	603479	4545	0	0a0	000000
20000000A222217	secondFILE	mc245.source.aa	secondFILE73.0014	0	0	secondFILE-0	00	603479	4605	0	0a0	000000
20000000A222210	secondFILE	mc148.source.aa	secondFILE73.0005	0	0	secondFILE-0	00	603479	4785	0	0a0	000000
20000000A222210	secondFILE	mc244.source.aa	secondFILE73.0015	0	0	secondFILE-0	00	603479	4790	0	0a0	000000
20000000A222217	secondFILE	mc182.source.aa	secondFILE73.0002	0	0	secondFILE-0	00	603479	4785	0	0a0	000000
20000000A222219	secondFILE	mc102.source.aa	secondFILE73.0004	0	0	secondFILE-0	00	603479	4785	0	0a0	000000
20000000A222225	secondFILE	mc192.source.aa	secondFILE73.0001	0	0	secondFILE-0	00	603479	4846	0	0a0	000000
20000000A222209	secondFILE	bc094.source.aa	secondFILE73.0008	0	0	secondFILE-0	00	603479	5147	0	0a0	000000
20000000A222210	secondFILE	bc092.source.aa	secondFILE73.0007	0	0	secondFILE-0	00	603479	5207	0	0a0	000000
20000000A062224	secondFILE	bc162.source.aa	secondFILE85.0013	0	0	secondFILE-0	00	603479	3883	0	0a0	000000
20000000A062219	secondFILE	bc154.source.aa	secondFILE85.0011	0	0	secondFILE-0	00	603479	3918	0	0a0	000000
20000000A062212	secondFILE	bc164.source.aa	secondFILE85.0012	0	0	secondFILE-0	00	603479	4183	0	0a0	000000
20000000A062222	secondFILE	mc224.source.aa	secondFILE85.0005	0	0	secondFILE-0	00	603479	4485	0	0a0	000000
20000000A062219	secondFILE	mc220.source.aa	secondFILE85.0003	0	0	secondFILE-0	00	603479	4515	0	0a0	000000
20000000A062220	secondFILE	mc216.source.aa	secondFILE85.0009	0	0	secondFILE-0	00	603479	4515	0	0a0	000000
20000000A062225	secondFILE	mc243.source.aa	secondFILE85.0015	0	0	secondFILE-0	00	603479	4605	0	0a0	000000
20000000A062213	secondFILE	mc076.source.aa	secondFILE85.0002	0	0	secondFILE-0	00	603479	4755	0	0a0	000000
20000000A062205	secondFILE	mc230.source.aa	secondFILE85.0006	0	0	secondFILE-0	00	603479	4785	0	0a0	000000
20000000A062209	secondFILE	mc240.source.aa	secondFILE85.0014	0	0	secondFILE-0	00	603479	4786	0	0a0	000000
20000000A062218	secondFILE	mc160.source.aa	secondFILE85.0004	0	0	secondFILE-0	00	603479	4785	0	0a0	000000
20000000A062221	secondFILE	mc163.source.aa	secondFILE85.0007	0	0	secondFILE-0	00	603479	4785	0	0a0	000000
20000000A062231	secondFILE	mc206.source.aa	secondFILE85.0008	0	0	secondFILE-0	00	603479	4846	0	0a0	000000
20000000A062205	secondFILE	bc087.source.aa	secondFILE85.0010	0	0	secondFILE-0	00	603479	4907	0	0a0	000000
20000000A062211	secondFILE	bc030.source.aa	secondFILE85.0001	0	0	secondFILE-0	00	603479	5298	0	0a0	000000
20000000A102213	secondFILE	bc146.source.aa	secondFILE-02.0001	0	0	secondFILE-0	00	603479	4188	0	0a0	000000
20000000A102231	secondFILE	mc119.source.aa	secondFILE-02.0006	0	0	secondFILE-0	00	603479	4485	0	0a0	000000
20000000A102203	secondFILE	mc168.source.aa	secondFILE-02.0009	0	0	secondFILE-0	00	603479	4546	0	0a0	000000
20000000A100005	secondFILE	mc210.source.aa	secondFILE-02.0011	0	0	secondFILE-0	00	603479	4546	0	0a0	000000
20000000A100008	secondFILE	mc071.source.aa	secondFILE-02.0007	0	0	secondFILE-0	00	603479	4545	0	0a0	000000
20000000A102215	secondFILE	mc004.source.aa	secondFILE-02.0005	0	0	secondFILE-0	00	603479	4755	0	0a0	000000
20000000A100003	secondFILE	mc231.source.aa	secondFILE-02.0012	0	0	secondFILE-0	00	603479	4756	0	0a0	000000
20000000A100003	secondFILE	mc236.source.aa	secondFILE-02.0010	0	0	secondFILE-0	00	603479	4756	0	0a0	000000
20000000A100007	secondFILE	mc241.source.aa	secondFILE-02.0014	0	0	secondFILE-0	00	603479	4786	0	0a0	000000
20000000A102208	secondFILE	mc178.source.aa	secondFILE-02.0004	0	0	secondFILE-0	00	603479	4876	0	0a0	000000
20000000A102205	secondFILE	bc107.source.aa	secondFILE-02.0015	0	0	secondFILE-0	00	603479	4997	0	0a0	000000
20000000A102217	secondFILE	bc083.source.aa	secondFILE-02.0008	0	0	secondFILE-0	00	603479	5147	0	0a0	000000
20000000A102219	secondFILE	bc100.source.aa	secondFILE-02.0013	0	0	secondFILE-0	00	603479	5147	0	0a0	000000
20000000A100003	secondFILE	bc021.source.aa	secondFILE-02.0003	0	0	secondFILE-0	00	603479	5177	0	0a0	000000
20000000A100006	secondFILE	bc038.source.aa	secondFILE-02.0002	0	0	secondFILE-0	00	603479	5208	0	0a0	000000
20000000A222209	secondFILE	bc149.source.aa	secondFILE79.0003	0	0	secondFILE-0	00	603479	3943	0	0a0	000000
20000000A222207	secondFILE	mc106.source.aa	secondFILE79.0008	0	0	secondFILE-0	00	603479	4486	0	0a0	000000
20000000A222213	secondFILE	mc137.source.aa	secondFILE79.0006	0	0	secondFILE-0	00	603479	4485	0	0a0	000000
20000000A222213	secondFILE	mc176.source.aa	secondFILE79.0002	0	0	secondFILE-0	00	603479	4515	0	0a0	000000
20000000A222217	secondFILE	mc070.source.aa	secondFILE79.0007	0	0	secondFILE-0	00	603479	4785	0	0a0	000000
20000000A222217	secondFILE	mc242.source.aa	secondFILE79.0012	0	0	secondFILE-0	00	603479	4785	0	0a0	000000
20000000A222218	secondFILE	mc237.source.aa	secondFILE79.0015	0	0	secondFILE-0	00	603479	4785	0	0a0	000000
20000000A222233	secondFILE	mc246.source.aa	secondFILE79.0013	0	0	secondFILE-0	00	603479	4785	0	0a0	000000
20000000A222219	secondFILE	mc238.source.aa	secondFILE79.0010	0	0	secondFILE-0	00	603479	4815	0	0a0	000000
20000000A222208	secondFILE	mc188.source.aa	secondFILE79.0001	0	0	secondFILE-0	00	603479	4846	0	0a0	000000
20000000A222210	secondFILE	mc201.source.aa	secondFILE79.0009	0	0	secondFILE-0	00	603479	4876	0	0a0	000000
20000000A222212	secondFILE	bc038.source.aa	secondFILE79.0004	0	0	secondFILE-0	00	603479	4876	0	0a0	000000
20000000A222233	secondFILE	mc209.source.aa	secondFILE79.0011	0	0	secondFILE-0	00	603479	4905	0	0a0	000000
20000000A222213	secondFILE	bc078.source.aa	secondFILE79.0005	0	0	secondFILE-0	00	603479	5117	0	0a0	000000
20000000A222217	secondFILE	bc120.source.aa	secondFILE79.0014	0	0	secondFILE-0	00	603479	8663	0	0a0	000000
20000000A000018	secondFILE	bc133.source.aa	secondFILE82.0001	0	0	secondFILE-0	00	603479	4394	0	0a0	000000
20000000A000008	secondFILE	mc109.source.aa	secondFILE82.0006	0	0	secondFILE-0	00	603479	4485	0	0a0	000000
20000000A000015	secondFILE	mc168.source.aa	secondFILE82.0010	0	0	secondFILE-0	00	603479	4725	0	0a0	000000
20000000A000005	secondFILE	mc160.source.aa	secondFILE82.0012	0	0	secondFILE-0	00	603479	4755	0	0a0	000000
20000000A000006	secondFILE	mc124.source.aa	secondFILE82.0008	0	0	secondFILE-0	00	603479	4755	0	0a0	000000
20000000A000021	secondFILE	mc063.source.aa	secondFILE82.0007	0	0	secondFILE-0	00	603479	4755	0	0a0	000000
20000000A000024	secondFILE	mc126.source.aa	secondFILE82.0005	0	0	secondFILE-0	00	603479	4755	0	0a0	000000
20000000A000004	secondFILE	mc111.source.aa	secondFILE82.0009	0	0	secondFILE-0	00	603479	4786	0	0a0	000000
20000000A000031	secondFILE	mc076.source.aa	secondFILE82.0004	0	0	secondFILE-0	00	603479	4785	0	0a0	000000
20000000A000032	secondFILE	mc159.source.aa	secondFILE82.0011	0	0	secondFILE-0	00	603479	4785	0	0a0	000000
20000000A000007	secondFILE	bc042.source.aa	secondFILE82.0002	0	0	secondFILE-0	00	603479	4936	0	0a0	000000
20000000A000004	secondFILE	bc083.source.aa	secondFILE82.0013	0	0	secondFILE-0	00	603479	5087	0	0a0	000000
20000000A000021	secondFILE	bc104.source.aa	secondFILE82.0015	0	0	secondFILE-0	00	603479	5087	0	0a0	000000
20000000A000021	secondFILE	bc071.source.aa	secondFILE82.0003	0	0	secondFILE-0	00	603479	5147	0	0a0	000000
20000000A000023	secondFILE	bc113.source.aa	secondFILE82.0014	0	0	secondFILE-0	00	603479	9414	0	0a0	000000
20000000A062204	secondFILE	bc145.source.aa	secondFILE86.0003	0	0	secondFILE-0	00	603479	3673	0	0a0	000000
20000000A062230	secondFILE	bc127.source.aa	secondFILE86.0002	0	0	secondFILE-0	00	603479	3763	0	0a0	000000
20000000A062211	secondFILE	mc086.source.aa	secondFILE86.0008	0	0	secondFILE-0	00	603479	4486	0	0a0	000000
20000000A062228	secondFILE	mc017.source.aa	secondFILE86.0011	0	0	secondFILE-0	00	603479	4485	0	0a0	000000
20000000A062228	secondFILE	mc153.source.aa	secondFILE86.0014	0	0	secondFILE-0	00	603479	4485	0	0a0	000000
20000000A062206	secondFILE	mc014.source.aa	secondFILE86.0006	0	0	secondFILE-0	00	603479	4516	0	0a0	000000
20000000A062206	secondFILE	mc228.source.aa	secondFILE86.0012	0	0	secondFILE-0	00	603479	4546	0	0a0	000000
20000000A062226	secondFILE	mc071.source.aa	secondFILE86.0009	0	0	secondFILE-0	00	603479	4756	0	0a0	000000
20000000A062223	secondFILE	mc081.source.aa	secondFILE86.0007	0	0	secondFILE-0	00	603479	4785	0	0a0	000000
20000000A062218	secondFILE	mc007.source.aa	secondFILE86.0010	0	0	secondFILE-0	00	603479	4816	0	0a0	000000
20000000A062213	secondFILE	bc087.source.aa	secondFILE86.0015	0	0	secondFILE-0	00	603479	4907	0	0a0	000000
20000000A062209	secondFILE	bc070.source.aa	secondFILE86.0005	0	0	secondFILE-0	00	603479	5117	0	0a0	000000
20000000A062210	secondFILE	bc075.source.aa	secondFILE86.0001	0	0	secondFILE-0	00	603479	5178	0	0a0	000000
20000000A062226	secondFILE	bc088.source.aa	secondFILE86.0013	0	0	secondFILE-0	00	603479	5178	0	0a0	000000
20000000A062231	secondFILE	bc027.source.aa	secondFILE86.0004	0	0	secondFILE-0	00	603479	5177	0	0a0	000000
20000000A102233	secondFILE	bc167.source.aa	secondFILE92.0011	0	0	secondFILE-0	00	603479	3613	0	0a0	000000
20000000A102218	secondFILE	bc154.source.aa	secondFILE92.0012	0	0	secondFILE-0	00	603479	3644	0	0a0	000000
20000000A102205	secondFILE	mc108.source.aa	secondFILE92.0010	0	0	secondFILE-0	00	603479	4486	0	0a0	000000
20000000A102232	secondFILE	mc223.source.aa	secondFILE92.0013	0	0	secondFILE-0	00	603479	4485	0	0a0	000000
20000000A102213	secondFILE	mc096.source.aa	secondFILE92.0007	0	0	secondFILE-0	00	603479	4516	0	0a0	000000
20000000A100004	secondFILE	mc030.source.aa	secondFILE92.0006	0	0	secondFILE-0	00	603479	4515	0	0a0	000000
20000000A102204	secondFILE	mc128.source.aa	secondFILE92.0009	0	0	secondFILE-0	00	603479	4786	0	0a0	000000
20000000A102214	secondFILE	mc031.source.aa	secondFILE92.0008	0	0	secondFILE-0	00	603479	4785	0	0a0	000000
20000000A102218	secondFILE	mc003.source.aa	secondFILE92.0005	0	0	secondFILE-0	00	603479	4786	0	0a0	000000
20000000A102204	secondFILE	bc078.source.aa	secondFILE92.0003	0	0	secondFILE-0	00	603479	4877	0	0a0	000000
20000000A102230	secondFILE	mc202.source.aa	secondFILE92.0015	0	0	secondFILE-0	00	603479	4876	0	0a0	000000
20000000A100007	secondFILE	bc076.source.aa	secondFILE92.0002	0	0	secondFILE-0	00	603479	4967	0	0a0	000000
20000000A102213	secondFILE	bc039.source.aa	secondFILE92.0001	0	0	secondFILE-0	00	603479	4997	0	0a0	000000
20000000A102204	secondFILE	bc091.source.aa	secondFILE92.0014	0	0	secondFILE-0	00	603479	5148	0	0a0	000000
20000000A102207	secondFILE	bc035.source.aa	secondFILE92.0004	0	0	secondFILE-0	00	603479	5208	0	0a0	000000
20000000A222228	secondFILE	bc159.source.aa	secondFILE18.0009	0	0	secondFILE-0	00	603479	3613	0	0a0	000000
20000000A222208	secondFILE	bc126.source.aa	secondFILE18.0001	0	0	secondFILE-0	00	603479	3644	0	0a0	000000
20000000A222215	secondFILE	mc053.source.aa	secondFILE18.0005	0	0	secondFILE-0	00	603479	4486	0	0a0	000000
20000000A222207	secondFILE	mc012.source.aa	secondFILE18.0004	0	0	secondFILE-0	00	603479	4515	0	0a0	000000
20000000A222215	secondFILE	mc093.source.aa	secondFILE18.0006	0	0	secondFILE-0	00	603479	4516	0	0a0	000000
20000000A222225	secondFILE	mc210.source.aa	secondFILE18.0015	0	0	secondFILE-0	00	603479	4516	0	0a0	000000
20000000A222232	secondFILE	mc195.source.aa	secondFILE18.0003	0	0	secondFILE-0	00	603479	4606	0	0a0	000000
20000000A222204	secondFILE	mc175.source.aa	secondFILE18.0002	0	0	secondFILE-0	00	603479	4666	0	0a0	000000
20000000A222205	secondFILE	mc227.source.aa	secondFILE18.0011	0	0	secondFILE-0	00	603479	4756	0	0a0	000000
20000000A222216	secondFILE	mc235.source.aa	secondFILE18.0014	0	0	secondFILE-0	00	603479	4756	0	0a0	000000
20000000A222218	secondFILE	mc213.source.aa	secondFILE18.0010	0	0	secondFILE-0	00	603479	4756	0	0a0	000000
20000000A222203	secondFILE	mc211.source.aa	secondFILE18.0013	0	0	secondFILE-0	00	603479	4786	0	0a0	000000
20000000A222215	secondFILE	mc060.source.aa	secondFILE18.0008	0	0	secondFILE-0	00	603479	4786	0	0a0	000000
20000000A222216	secondFILE	mc155.source.aa	secondFILE18.0012	0	0	secondFILE-0	00	603479	4786	0	0a0	000000
20000000A222221	secondFILE	mc043.source.aa	secondFILE18.0007	0	0	secondFILE-0	00	603479	4786	0	0a0	000000
20000000A102208	secondFILE	bc136.source.aa	secondFILE23.0010	0	0	secondFILE-0	00	603479	3647	0	0a0	000000
20000000A102218	secondFILE	bc150.source.aa	secondFILE23.0007	0	0	secondFILE-0	00	603479	3733	0	0a0	000000
20000000A102216	secondFILE	mc058.source.aa	secondFILE23.0015	0	0	secondFILE-0	00	603479	4485	0	0a0	000000
20000000A100002	secondFILE	mc191.source.aa	secondFILE23.0009	0	0	secondFILE-0	00	603479	4545	0	0a0	000000
20000000A102231	secondFILE	mc008.source.aa	secondFILE23.0014	0	0	secondFILE-0	00	603479	4695	0	0a0	000000
20000000A102204	secondFILE	mc005.source.aa	secondFILE23.0013	0	0	secondFILE-0	00	603479	4755	0	0a0	000000
20000000A100001	secondFILE	mc248.source.aa	secondFILE23.0003	0	0	secondFILE-0	00	603479	4786	0	0a0	000000
20000000A102207	secondFILE	mc169.source.aa	secondFILE23.0001	0	0	secondFILE-0	00	603479	4845	0	0a0	000000
20000000A102231	secondFILE	mc187.source.aa	secondFILE23.0005	0	0	secondFILE-0	00	603479	4845	0	0a0	000000
20000000A102215	secondFILE	bc068.source.aa	secondFILE23.0012	0	0	secondFILE-0	00	603479	4876	0	0a0	000000
20000000A102233	secondFILE	mc182.source.aa	secondFILE23.0004	0	0	secondFILE-0	00	603479	4875	0	0a0	000000
20000000A102215	secondFILE	bc044.source.aa	secondFILE23.0011	0	0	secondFILE-0	00	603479	4906	0	0a0	000000
20000000A102218	secondFILE	bc019.source.aa	secondFILE23.0008	0	0	secondFILE-0	00	603479	4907	0	0a0	000000
20000000A102211	secondFILE	bc074.source.aa	secondFILE23.0006	0	0	secondFILE-0	00	603479	5057	0	0a0	000000
20000000A102215	secondFILE	bc018.source.aa	secondFILE23.0002	0	0	secondFILE-0	00	603479	5207	0	0a0	000000
20000000A142229	secondFILE	mc224.source.aa	secondFILE44.0014	0	0	secondFILE-0	00	603479	4456	0	0a0	000000
20000000A142206	secondFILE	mc189.source.aa	secondFILE44.0009	0	0	secondFILE-0	00	603479	4516	0	0a0	000000
20000000A142225	secondFILE	mc100.source.aa	secondFILE44.0011	0	0	secondFILE-0	00	603479	4545	0	0a0	000000
20000000A142219	secondFILE	mc249.source.aa	secondFILE44.0005	0	0	secondFILE-0	00	603479	4606	0	0a0	000000
20000000A142217	secondFILE	mc116.source.aa	secondFILE44.0010	0	0	secondFILE-0	00	603479	4756	0	0a0	000000
20000000A142217	secondFILE	mc214.source.aa	secondFILE44.0015	0	0	secondFILE-0	00	603479	4756	0	0a0	000000
20000000A142228	secondFILE	mc039.source.aa	secondFILE44.0012	0	0	secondFILE-0	00	603479	4756	0	0a0	000000
20000000A142209	secondFILE	mc230.source.aa	secondFILE44.0013	0	0	secondFILE-0	00	603479	4786	0	0a0	000000
20000000A142211	secondFILE	mc252.source.aa	secondFILE44.0003	0	0	secondFILE-0	00	603479	4786	0	0a0	000000
20000000A142208	secondFILE	mc190.source.aa	secondFILE44.0002	0	0	secondFILE-0	00	603479	4846	0	0a0	000000
20000000A142208	secondFILE	mc173.source.aa	secondFILE44.0001	0	0	secondFILE-0	00	603479	4846	0	0a0	000000
20000000A142228	secondFILE	bc021.source.aa	secondFILE44.0006	0	0	secondFILE-0	00	603479	4967	0	0a0	000000
20000000A142231	secondFILE	bc072.source.aa	secondFILE44.0007	0	0	secondFILE-0	00	603479	5148	0	0a0	000000
20000000A142207	secondFILE	bc024.source.aa	secondFILE44.0004	0	0	secondFILE-0	00	603479	5207	0	0a0	000000
20000000A142207	secondFILE	bc111.source.aa	secondFILE44.0008	0	0	secondFILE-0	00	603479	8634	0	0a0	000000
20000000A182210	secondFILE	mc042.source.aa	secondFILE43.0006	0	0	secondFILE-0	00	603479	4485	0	0a0	000000
20000000A182212	secondFILE	mc029.source.aa	secondFILE43.0005	0	0	secondFILE-0	00	603479	4485	0	0a0	000000
20000000A182226	secondFILE	mc020.source.aa	secondFILE43.0008	0	0	secondFILE-0	00	603479	4485	0	0a0	000000
20000000A182209	secondFILE	mc203.source.aa	secondFILE43.0011	0	0	secondFILE-0	00	603479	4580	0	0a0	000000
20000000A182232	secondFILE	mc101.source.aa	secondFILE43.0004	0	0	secondFILE-0	00	603479	4575	0	0a0	000000
20000000A182217	secondFILE	mc205.source.aa	secondFILE43.0014	0	0	secondFILE-0	00	603479	4726	0	0a0	000000
20000000A182232	secondFILE	mc151.source.aa	secondFILE43.0013	0	0	secondFILE-0	00	603479	4725	0	0a0	000000
20000000A182217	secondFILE	mc051.source.aa	secondFILE43.0003	0	0	secondFILE-0	00	603479	4756	0	0a0	000000
20000000A182232	secondFILE	mc164.source.aa	secondFILE43.0012	0	0	secondFILE-0	00	603479	4756	0	0a0	000000
20000000A182216	secondFILE	mc242.source.aa	secondFILE43.0015	0	0	secondFILE-0	00	603479	4786	0	0a0	000000
20000000A182218	secondFILE	mc052.source.aa	secondFILE43.0007	0	0	secondFILE-0	00	603479	4786	0	0a0	000000
20000000A182217	secondFILE	bc092.source.aa	secondFILE43.0010	0	0	secondFILE-0	00	603479	4877	0	0a0	000000
20000000A182206	secondFILE	bc028.source.aa	secondFILE43.0002	0	0	secondFILE-0	00	603479	5147	0	0a0	000000
20000000A182215	secondFILE	bc085.source.aa	secondFILE43.0009	0	0	secondFILE-0	00	603479	5147	0	0a0	000000
20000000A182228	secondFILE	bc069.source.aa	secondFILE43.0001	0	0	secondFILE-0	00	603479	5148	0	0a0	000000
20000000A102231	secondFILE	bc156.source.aa	secondFILE65.0010	0	0	secondFILE-0	00	603479	3643	0	0a0	000000
20000000A102208	secondFILE	bc147.source.aa	secondFILE65.0004	0	0	secondFILE-0	00	603479	3703	0	0a0	000000
20000000A100005	secondFILE	bc142.source.aa	secondFILE65.0003	0	0	secondFILE-0	00	603479	3888	0	0a0	000000
20000000A102214	secondFILE	mc220.source.aa	secondFILE65.0014	0	0	secondFILE-0	00	603479	4515	0	0a0	000000
20000000A102219	secondFILE	mc199.source.aa	secondFILE65.0013	0	0	secondFILE-0	00	603479	4515	0	0a0	000000
20000000A102232	secondFILE	mc010.source.aa	secondFILE65.0006	0	0	secondFILE-0	00	603479	4515	0	0a0	000000
20000000A102212	secondFILE	mc166.source.aa	secondFILE65.0011	0	0	secondFILE-0	00	603479	4755	0	0a0	000000
20000000A102213	secondFILE	mc244.source.aa	secondFILE65.0015	0	0	secondFILE-0	00	603479	4755	0	0a0	000000
20000000A102217	secondFILE	mc077.source.aa	secondFILE65.0008	0	0	secondFILE-0	00	603479	4755	0	0a0	000000
20000000A102233	secondFILE	mc143.source.aa	secondFILE65.0009	0	0	secondFILE-0	00	603479	4756	0	0a0	000000
20000000A102204	secondFILE	mc139.source.aa	secondFILE65.0007	0	0	secondFILE-0	00	603479	4786	0	0a0	000000
20000000A102216	secondFILE	mc165.source.aa	secondFILE65.0012	0	0	secondFILE-0	00	603479	4786	0	0a0	000000
20000000A102209	secondFILE	mc177.source.aa	secondFILE65.0001	0	0	secondFILE-0	00	603479	4846	0	0a0	000000
20000000A102217	secondFILE	bc026.source.aa	secondFILE65.0005	0	0	secondFILE-0	00	603479	4877	0	0a0	000000
20000000A102207	secondFILE	bc073.source.aa	secondFILE65.0002	0	0	secondFILE-0	00	603479	5117	0	0a0	000000
20000000A182221	secondFILE	bc148.source.aa	secondFILE12.0003	0	0	secondFILE-0	00	603479	3914	0	0a0	000000
20000000A182232	secondFILE	bc155.source.aa	secondFILE12.0014	0	0	secondFILE-0	00	603479	3914	0	0a0	000000
20000000A182227	secondFILE	mc196.source.aa	secondFILE12.0015	0	0	secondFILE-0	00	603479	4696	0	0a0	000000
20000000A182220	secondFILE	mc090.source.aa	secondFILE12.0009	0	0	secondFILE-0	00	603479	4726	0	0a0	000000
20000000A182210	secondFILE	mc037.source.aa	secondFILE12.0008	0	0	secondFILE-0	00	603479	4755	0	0a0	000000
20000000A182226	secondFILE	mc148.source.aa	secondFILE12.0013	0	0	secondFILE-0	00	603479	4760	0	0a0	000000
20000000A182203	secondFILE	mc034.source.aa	secondFILE12.0011	0	0	secondFILE-0	00	603479	4786	0	0a0	000000
20000000A182207	secondFILE	mc079.source.aa	secondFILE12.0005	0	0	secondFILE-0	00	603479	4786	0	0a0	000000
20000000A182217	secondFILE	mc103.source.aa	secondFILE12.0007	0	0	secondFILE-0	00	603479	4786	0	0a0	000000
20000000A182219	secondFILE	mc013.source.aa	secondFILE12.0006	0	0	secondFILE-0	00	603479	4786	0	0a0	000000
20000000A182221	secondFILE	mc149.source.aa	secondFILE12.0012	0	0	secondFILE-0	00	603479	4786	0	0a0	000000
20000000A182228	secondFILE	mc069.source.aa	secondFILE12.0010	0	0	secondFILE-0	00	603479	4786	0	0a0	000000
20000000A182229	secondFILE	bc034.source.aa	secondFILE12.0002	0	0	secondFILE-0	00	603479	4906	0	0a0	000000
20000000A182227	secondFILE	bc040.source.aa	secondFILE12.0001	0	0	secondFILE-0	00	603479	5117	0	0a0	000000
20000000A182209	secondFILE	bc077.source.aa	secondFILE12.0004	0	0	secondFILE-0	00	603479	5147	0	0a0	000000
20000000A222219	secondFILE	mc238.source.aa	secondFILE58.0015	0	0	secondFILE-0	00	603479	4485	0	0a0	000000
20000000A222225	secondFILE	mc035.source.aa	secondFILE58.0009	0	0	secondFILE-0	00	603479	4490	0	0a0	000000
20000000A222230	secondFILE	mc192.source.aa	secondFILE58.0001	0	0	secondFILE-0	00	603479	4666	0	0a0	000000
20000000A222206	secondFILE	mc054.source.aa	secondFILE58.0006	0	0	secondFILE-0	00	603479	4756	0	0a0	000000
20000000A222210	secondFILE	mc027.source.aa	secondFILE58.0005	0	0	secondFILE-0	00	603479	4756	0	0a0	000000
20000000A222204	secondFILE	mc024.source.aa	secondFILE58.0010	0	0	secondFILE-0	00	603479	4786	0	0a0	000000
20000000A222204	secondFILE	mc132.source.aa	secondFILE58.0007	0	0	secondFILE-0	00	603479	4786	0	0a0	000000
20000000A222208	secondFILE	mc231.source.aa	secondFILE58.0014	0	0	secondFILE-0	00	603479	4786	0	0a0	000000
20000000A222209	secondFILE	mc247.source.aa	secondFILE58.0013	0	0	secondFILE-0	00	603479	4786	0	0a0	000000
20000000A222211	secondFILE	mc102.source.aa	secondFILE58.0008	0	0	secondFILE-0	00	603479	4786	0	0a0	000000
20000000A222226	secondFILE	mc145.source.aa	secondFILE58.0012	0	0	secondFILE-0	00	603479	4785	0	0a0	000000
20000000A222233	secondFILE	mc178.source.aa	secondFILE58.0003	0	0	secondFILE-0	00	603479	4786	0	0a0	000000
20000000A222232	secondFILE	mc066.source.aa	secondFILE58.0011	0	0	secondFILE-0	00	603479	4815	0	0a0	000000
20000000A222210	secondFILE	bc029.source.aa	secondFILE58.0002	0	0	secondFILE-0	00	603479	4907	0	0a0	000000
20000000A222231	secondFILE	bc046.source.aa	secondFILE58.0004	0	0	secondFILE-0	00	603479	5147	0	0a0	000000
20000000A000004	secondFILE	bc158.source.aa	secondFILE62.0013	0	0	secondFILE-0	00	603479	3587	0	0a0	000000
20000000A000022	secondFILE	bc151.source.aa	secondFILE62.0014	0	0	secondFILE-0	00	603479	3643	0	0a0	000000
20000000A000026	secondFILE	mc082.source.aa	secondFILE62.0010	0	0	secondFILE-0	00	603479	4485	0	0a0	000000
20000000A000025	secondFILE	mc113.source.aa	secondFILE62.0011	0	0	secondFILE-0	00	603479	4756	0	0a0	000000
20000000A000032	secondFILE	mc119.source.aa	secondFILE62.0005	0	0	secondFILE-0	00	603479	4756	0	0a0	000000
20000000A000008	secondFILE	mc121.source.aa	secondFILE62.0008	0	0	secondFILE-0	00	603479	4786	0	0a0	000000
20000000A000025	secondFILE	mc062.source.aa	secondFILE62.0007	0	0	secondFILE-0	00	603479	4786	0	0a0	000000
20000000A000030	secondFILE	mc073.source.aa	secondFILE62.0004	0	0	secondFILE-0	00	603479	4786	0	0a0	000000
20000000A000030	secondFILE	mc075.source.aa	secondFILE62.0009	0	0	secondFILE-0	00	603479	4786	0	0a0	000000
20000000A000032	secondFILE	mc025.source.aa	secondFILE62.0006	0	0	secondFILE-0	00	603479	4785	0	0a0	000000
20000000A000029	secondFILE	mc172.source.aa	secondFILE62.0001	0	0	secondFILE-0	00	603479	4846	0	0a0	000000
20000000A000019	secondFILE	mc193.source.aa	secondFILE62.0003	0	0	secondFILE-0	00	603479	4876	0	0a0	000000
20000000A000029	secondFILE	bc101.source.aa	secondFILE62.0015	0	0	secondFILE-0	00	603479	4877	0	0a0	000000
20000000A000004	secondFILE	bc037.source.aa	secondFILE62.0002	0	0	secondFILE-0	00	603479	4996	0	0a0	000000
20000000A000007	secondFILE	bc094.source.aa	secondFILE62.0012	0	0	secondFILE-0	00	603479	5146	0	0a0	000000
20000000A062230	secondFILE	bc146.source.aa	secondFILE65.0008	0	0	secondFILE-0	00	603479	3647	0	0a0	000000
20000000A062214	secondFILE	mc181.source.aa	secondFILE65.0007	0	0	secondFILE-0	00	603479	4515	0	0a0	000000
20000000A062230	secondFILE	mc171.source.aa	secondFILE65.0001	0	0	secondFILE-0	00	603479	4606	0	0a0	000000
20000000A062226	secondFILE	mc225.source.aa	secondFILE65.0015	0	0	secondFILE-0	00	603479	4636	0	0a0	000000
20000000A062217	secondFILE	mc074.source.aa	secondFILE65.0011	0	0	secondFILE-0	00	603479	4756	0	0a0	000000
20000000A062218	secondFILE	mc091.source.aa	secondFILE65.0010	0	0	secondFILE-0	00	603479	4755	0	0a0	000000
20000000A062218	secondFILE	mc049.source.aa	secondFILE65.0013	0	0	secondFILE-0	00	603479	4756	0	0a0	000000
20000000A062232	secondFILE	mc047.source.aa	secondFILE65.0009	0	0	secondFILE-0	00	603479	4755	0	0a0	000000
20000000A062208	secondFILE	mc212.source.aa	secondFILE65.0014	0	0	secondFILE-0	00	603479	4786	0	0a0	000000
20000000A062212	secondFILE	mc122.source.aa	secondFILE65.0012	0	0	secondFILE-0	00	603479	4786	0	0a0	000000
20000000A062217	secondFILE	bc041.source.aa	secondFILE65.0002	0	0	secondFILE-0	00	603479	4907	0	0a0	000000
20000000A062222	secondFILE	bc023.source.aa	secondFILE65.0005	0	0	secondFILE-0	00	603479	5057	0	0a0	000000
20000000A062230	secondFILE	bc020.source.aa	secondFILE65.0003	0	0	secondFILE-0	00	603479	5092	0	0a0	000000
20000000A062218	secondFILE	bc025.source.aa	secondFILE65.0006	0	0	secondFILE-0	00	603479	5117	0	0a0	000000
20000000A062216	secondFILE	bc079.source.aa	secondFILE65.0004	0	0	secondFILE-0	00	603479	5177	0	0a0	000000
20000000A142215	secondFILE	bc134.source.aa	secondFILE71.0003	0	0	secondFILE-0	00	603479	4004	0	0a0	000000
20000000A142230	secondFILE	bc131.source.aa	secondFILE71.0001	0	0	secondFILE-0	00	603479	4248	0	0a0	000000
20000000A142211	secondFILE	mc156.source.aa	secondFILE71.0015	0	0	secondFILE-0	00	603479	4485	0	0a0	000000
20000000A142224	secondFILE	mc107.source.aa	secondFILE71.0008	0	0	secondFILE-0	00	603479	4485	0	0a0	000000
20000000A142228	secondFILE	mc028.source.aa	secondFILE71.0010	0	0	secondFILE-0	00	603479	4485	0	0a0	000000
20000000A142233	secondFILE	mc183.source.aa	secondFILE71.0002	0	0	secondFILE-0	00	603479	4575	0	0a0	000000
20000000A142209	secondFILE	mc176.source.aa	secondFILE71.0005	0	0	secondFILE-0	00	603479	4605	0	0a0	000000
20000000A142209	secondFILE	mc099.source.aa	secondFILE71.0012	0	0	secondFILE-0	00	603479	4755	0	0a0	000000
20000000A142213	secondFILE	mc251.source.aa	secondFILE71.0004	0	0	secondFILE-0	00	603479	4755	0	0a0	000000
20000000A142224	secondFILE	mc040.source.aa	secondFILE71.0011	0	0	secondFILE-0	00	603479	4756	0	0a0	000000
20000000A142219	secondFILE	mc152.source.aa	secondFILE71.0014	0	0	secondFILE-0	00	603479	4785	0	0a0	000000
20000000A142221	secondFILE	mc118.source.aa	secondFILE71.0009	0	0	secondFILE-0	00	603479	4786	0	0a0	000000
20000000A142224	secondFILE	mc123.source.aa	secondFILE71.0007	0	0	secondFILE-0	00	603479	4785	0	0a0	000000
20000000A142231	secondFILE	mc158.source.aa	secondFILE71.0013	0	0	secondFILE-0	00	603479	4786	0	0a0	000000
20000000A142205	secondFILE	bc110.source.aa	secondFILE71.0006	0	0	secondFILE-0	00	603479	5148	0	0a0	000000
20000000A000020	secondFILE	bc149.source.aa	secondFILE84.0001	0	0	secondFILE-0	00	603479	4423	0	0a0	000000
20000000A000011	secondFILE	mc011.source.aa	secondFILE84.0010	0	0	secondFILE-0	00	603479	4485	0	0a0	000000
20000000A000017	secondFILE	mc131.source.aa	secondFILE84.0008	0	0	secondFILE-0	00	603479	4485	0	0a0	000000
20000000A000026	secondFILE	mc064.source.aa	secondFILE84.0007	0	0	secondFILE-0	00	603479	4485	0	0a0	000000
20000000A000004	secondFILE	mc127.source.aa	secondFILE84.0011	0	0	secondFILE-0	00	603479	4725	0	0a0	000000
20000000A000014	secondFILE	mc094.source.aa	secondFILE84.0004	0	0	secondFILE-0	00	603479	4755	0	0a0	000000
20000000A000016	secondFILE	mc138.source.aa	secondFILE84.0003	0	0	secondFILE-0	00	603479	4755	0	0a0	000000
20000000A000023	secondFILE	mc019.source.aa	secondFILE84.0002	0	0	secondFILE-0	00	603479	4755	0	0a0	000000
20000000A000029	secondFILE	mc046.source.aa	secondFILE84.0005	0	0	secondFILE-0	00	603479	4755	0	0a0	000000
20000000A000010	secondFILE	mc163.source.aa	secondFILE84.0015	0	0	secondFILE-0	00	603479	4785	0	0a0	000000
20000000A000016	secondFILE	mc089.source.aa	secondFILE84.0009	0	0	secondFILE-0	00	603479	4785	0	0a0	000000
20000000A000024	secondFILE	mc021.source.aa	secondFILE84.0006	0	0	secondFILE-0	00	603479	4785	0	0a0	000000
20000000A000029	secondFILE	bc096.source.aa	secondFILE84.0014	0	0	secondFILE-0	00	603479	5087	0	0a0	000000
20000000A000007	secondFILE	bc095.source.aa	secondFILE84.0013	0	0	secondFILE-0	00	603479	5177	0	0a0	000000
20000000A000009	secondFILE	bc114.source.aa	secondFILE84.0012	0	0	secondFILE-0	00	603479	8664	0	0a0	000000
20000000A062231	secondFILE	bc152.source.aa	secondFILE87.0009	0	0	secondFILE-0	00	603479	4008	0	0a0	000000
20000000A062215	secondFILE	mc084.source.aa	secondFILE87.0003	0	0	secondFILE-0	00	603479	4486	0	0a0	000000
20000000A062229	secondFILE	mc004.source.aa	secondFILE87.0006	0	0	secondFILE-0	00	603479	4486	0	0a0	000000
20000000A062232	secondFILE	mc095.source.aa	secondFILE87.0004	0	0	secondFILE-0	00	603479	4485	0	0a0	000000
20000000A062205	secondFILE	mc179.source.aa	secondFILE87.0001	0	0	secondFILE-0	00	603479	4515	0	0a0	000000
20000000A062216	secondFILE	mc067.source.aa	secondFILE87.0008	0	0	secondFILE-0	00	603479	4515	0	0a0	000000
20000000A062211	secondFILE	mc048.source.aa	secondFILE87.0002	0	0	secondFILE-0	00	603479	4756	0	0a0	000000
20000000A062217	secondFILE	mc033.source.aa	secondFILE87.0005	0	0	secondFILE-0	00	603479	4756	0	0a0	000000
20000000A062219	secondFILE	mc167.source.aa	secondFILE87.0010	0	0	secondFILE-0	00	603479	4755	0	0a0	000000
20000000A062221	secondFILE	mc246.source.aa	secondFILE87.0015	0	0	secondFILE-0	00	603479	4756	0	0a0	000000
20000000A062204	secondFILE	mc022.source.aa	secondFILE87.0007	0	0	secondFILE-0	00	603479	4786	0	0a0	000000
20000000A062218	secondFILE	mc206.source.aa	secondFILE87.0013	0	0	secondFILE-0	00	603479	4846	0	0a0	000000
20000000A062223	secondFILE	bc107.source.aa	secondFILE87.0014	0	0	secondFILE-0	00	603479	4907	0	0a0	000000
20000000A062204	secondFILE	bc081.source.aa	secondFILE87.0012	0	0	secondFILE-0	00	603479	5147	0	0a0	000000
20000000A062222	secondFILE	bc119.source.aa	secondFILE87.0011	0	0	secondFILE-0	00	603479	8663	0	0a0	000000
20000000A102219	secondFILE	bc165.source.aa	secondFILE92.0012	0	0	secondFILE-0	00	603479	3558	0	0a0	000000
20000000A102217	secondFILE	bc140.source.aa	secondFILE92.0001	0	0	secondFILE-0	00	603479	3883	0	0a0	000000
20000000A102217	secondFILE	mc147.source.aa	secondFILE92.0009	0	0	secondFILE-0	00	603479	4485	0	0a0	000000
20000000A102206	secondFILE	mc120.source.aa	secondFILE92.0002	0	0	secondFILE-0	00	603479	4515	0	0a0	000000
20000000A102204	secondFILE	mc085.source.aa	secondFILE92.0006	0	0	secondFILE-0	00	603479	4756	0	0a0	000000
20000000A102207	secondFILE	mc104.source.aa	secondFILE92.0005	0	0	secondFILE-0	00	603479	4755	0	0a0	000000
20000000A102213	secondFILE	mc216.source.aa	secondFILE92.0010	0	0	secondFILE-0	00	603479	4755	0	0a0	000000
20000000A100007	secondFILE	mc146.source.aa	secondFILE92.0011	0	0	secondFILE-0	00	603479	4755	0	0a0	000000
20000000A100007	secondFILE	mc229.source.aa	secondFILE92.0008	0	0	secondFILE-0	00	603479	4755	0	0a0	000000
20000000A102219	secondFILE	mc133.source.aa	secondFILE92.0003	0	0	secondFILE-0	00	603479	4785	0	0a0	000000
20000000A100007	secondFILE	mc078.source.aa	secondFILE92.0004	0	0	secondFILE-0	00	603479	4785	0	0a0	000000
20000000A100001	secondFILE	bc084.source.aa	secondFILE92.0014	0	0	secondFILE-0	00	603479	4877	0	0a0	000000
20000000A102214	secondFILE	bc104.source.aa	secondFILE92.0015	0	0	secondFILE-0	00	603479	4967	0	0a0	000000
20000000A100002	secondFILE	bc093.source.aa	secondFILE92.0007	0	0	secondFILE-0	00	603479	5147	0	0a0	000000
20000000A102209	secondFILE	bc118.source.aa	secondFILE92.0013	0	0	secondFILE-0	00	603479	8664	0	0a0	000000
20000000A182213	secondFILE	bc132.source.aa	secondFILE17.0002	0	0	secondFILE-0	00	603479	3673	0	0a0	000000
20000000A182204	secondFILE	bc141.source.aa	secondFILE17.0001	0	0	secondFILE-0	00	603479	3733	0	0a0	000000
20000000A182210	secondFILE	mc141.source.aa	secondFILE17.0011	0	0	secondFILE-0	00	603479	4486	0	0a0	000000
20000000A182210	secondFILE	mc154.source.aa	secondFILE17.0015	0	0	secondFILE-0	00	603479	4486	0	0a0	000000
20000000A182215	secondFILE	mc023.source.aa	secondFILE17.0010	0	0	secondFILE-0	00	603479	4546	0	0a0	000000
20000000A182204	secondFILE	mc087.source.aa	secondFILE17.0009	0	0	secondFILE-0	00	603479	4755	0	0a0	000000
20000000A182213	secondFILE	mc097.source.aa	secondFILE17.0006	0	0	secondFILE-0	00	603479	4756	0	0a0	000000
20000000A182223	secondFILE	mc009.source.aa	secondFILE17.0007	0	0	secondFILE-0	00	603479	4755	0	0a0	000000
20000000A182207	secondFILE	mc041.source.aa	secondFILE17.0005	0	0	secondFILE-0	00	603479	4786	0	0a0	000000
20000000A182219	secondFILE	mc114.source.aa	secondFILE17.0012	0	0	secondFILE-0	00	603479	4786	0	0a0	000000
20000000A182231	secondFILE	mc088.source.aa	secondFILE17.0008	0	0	secondFILE-0	00	603479	4786	0	0a0	000000
20000000A182204	secondFILE	mc186.source.aa	secondFILE17.0004	0	0	secondFILE-0	00	603479	4846	0	0a0	000000
20000000A182219	secondFILE	bc033.source.aa	secondFILE17.0003	0	0	secondFILE-0	00	603479	4906	0	0a0	000000
20000000A182227	secondFILE	bc090.source.aa	secondFILE17.0014	0	0	secondFILE-0	00	603479	4936	0	0a0	000000
20000000A182231	secondFILE	bc112.source.aa	secondFILE17.0013	0	0	secondFILE-0	00	603479	9354	0	0a0	000000
20000000A222206	secondFILE	bc160.source.aa	secondFILE22.0011	0	0	secondFILE-0	00	603479	3884	0	0a0	000000
20000000A222219	secondFILE	bc139.source.aa	secondFILE22.0001	0	0	secondFILE-0	00	603479	3914	0	0a0	000000
20000000A222208	secondFILE	bc137.source.aa	secondFILE22.0002	0	0	secondFILE-0	00	603479	4184	0	0a0	000000
20000000A222219	secondFILE	mc055.source.aa	secondFILE22.0004	0	0	secondFILE-0	00	603479	4486	0	0a0	000000
20000000A222226	secondFILE	mc083.source.aa	secondFILE22.0006	0	0	secondFILE-0	00	603479	4485	0	0a0	000000
20000000A222206	secondFILE	mc061.source.aa	secondFILE22.0005	0	0	secondFILE-0	00	603479	4516	0	0a0	000000
20000000A222228	secondFILE	mc207.source.aa	secondFILE22.0015	0	0	secondFILE-0	00	603479	4546	0	0a0	000000
20000000A222205	secondFILE	mc240.source.aa	secondFILE22.0013	0	0	secondFILE-0	00	603479	4605	0	0a0	000000
20000000A222212	secondFILE	mc245.source.aa	secondFILE22.0009	0	0	secondFILE-0	00	603479	4756	0	0a0	000000
20000000A222232	secondFILE	mc233.source.aa	secondFILE22.0010	0	0	secondFILE-0	00	603479	4755	0	0a0	000000
20000000A222222	secondFILE	mc201.source.aa	secondFILE22.0007	0	0	secondFILE-0	00	603479	4876	0	0a0	000000
20000000A222219	secondFILE	bc098.source.aa	secondFILE22.0008	0	0	secondFILE-0	00	603479	5026	0	0a0	000000
20000000A222211	secondFILE	bc101.source.aa	secondFILE22.0014	0	0	secondFILE-0	00	603479	5117	0	0a0	000000
20000000A222220	secondFILE	bc100.source.aa	secondFILE22.0012	0	0	secondFILE-0	00	603479	5147	0	0a0	000000
20000000A222233	secondFILE	bc031.source.aa	secondFILE22.0003	0	0	secondFILE-0	00	603479	5181	0	0a0	000000
20000000A000006	secondFILE	bc144.source.aa	secondFILE25.0001	0	0	secondFILE-0	00	603479	3853	0	0a0	000000
20000000A000006	secondFILE	bc138.source.aa	secondFILE25.0005	0	0	secondFILE-0	00	603479	4273	0	0a0	000000
20000000A000004	secondFILE	bc128.source.aa	secondFILE25.0002	0	0	secondFILE-0	00	603479	4454	0	0a0	000000
20000000A000008	secondFILE	mc072.source.aa	secondFILE25.0008	0	0	secondFILE-0	00	603479	4484	0	0a0	000000
20000000A000021	secondFILE	mc215.source.aa	secondFILE25.0010	0	0	secondFILE-0	00	603479	4485	0	0a0	000000
20000000A000023	secondFILE	mc239.source.aa	secondFILE25.0012	0	0	secondFILE-0	00	603479	4485	0	0a0	000000
20000000A000030	secondFILE	mc110.source.aa	secondFILE25.0006	0	0	secondFILE-0	00	603479	4485	0	0a0	000000
20000000A000005	secondFILE	mc125.source.aa	secondFILE25.0007	0	0	secondFILE-0	00	603479	4755	0	0a0	000000
20000000A000011	secondFILE	mc241.source.aa	secondFILE25.0015	0	0	secondFILE-0	00	603479	4785	0	0a0	000000
20000000A000005	secondFILE	bc082.source.aa	secondFILE25.0009	0	0	secondFILE-0	00	603479	4907	0	0a0	000000
20000000A000017	secondFILE	bc099.source.aa	secondFILE25.0013	0	0	secondFILE-0	00	603479	4906	0	0a0	000000
20000000A000019	secondFILE	bc102.source.aa	secondFILE25.0014	0	0	secondFILE-0	00	603479	5086	0	0a0	000000
20000000A000009	secondFILE	bc080.source.aa	secondFILE25.0003	0	0	secondFILE-0	00	603479	5147	0	0a0	000000
20000000A000033	secondFILE	bc109.source.aa	secondFILE25.0004	0	0	secondFILE-0	00	603479	5147	0	0a0	000000
20000000A000013	secondFILE	bc097.source.aa	secondFILE25.0011	0	0	secondFILE-0	00	603479	5177	0	0a0	000000
20000000A062224	secondFILE	bc162.source.aa	secondFILE28.0014	0	0	secondFILE-0	00	603479	3857	0	0a0	000000
20000000A062206	secondFILE	mc247.source.aa	secondFILE28.0013	0	0	secondFILE-0	00	603479	4484	0	0a0	000000
20000000A062212	secondFILE	mc235.source.aa	secondFILE28.0012	0	0	secondFILE-0	00	603479	4485	0	0a0	000000
20000000A062209	secondFILE	mc018.source.aa	secondFILE28.0006	0	0	secondFILE-0	00	603479	4515	0	0a0	000000
20000000A062218	secondFILE	mc184.source.aa	secondFILE28.0002	0	0	secondFILE-0	00	603479	4515	0	0a0	000000
20000000A062204	secondFILE	mc243.source.aa	secondFILE28.0015	0	0	secondFILE-0	00	603479	4545	0	0a0	000000
20000000A062218	secondFILE	mc016.source.aa	secondFILE28.0005	0	0	secondFILE-0	00	603479	4755	0	0a0	000000
20000000A062230	secondFILE	mc218.source.aa	secondFILE28.0007	0	0	secondFILE-0	00	603479	4755	0	0a0	000000
20000000A062221	secondFILE	bc106.source.aa	secondFILE28.0011	0	0	secondFILE-0	00	603479	4877	0	0a0	000000
20000000A062209	secondFILE	bc105.source.aa	secondFILE28.0010	0	0	secondFILE-0	00	603479	4907	0	0a0	000000
20000000A062210	secondFILE	bc045.source.aa	secondFILE28.0003	0	0	secondFILE-0	00	603479	4906	0	0a0	000000
20000000A062224	secondFILE	bc036.source.aa	secondFILE28.0001	0	0	secondFILE-0	00	603479	4997	0	0a0	000000
20000000A062223	secondFILE	bc089.source.aa	secondFILE28.0008	0	0	secondFILE-0	00	603479	5026	0	0a0	000000
20000000A062211	secondFILE	bc086.source.aa	secondFILE28.0009	0	0	secondFILE-0	00	603479	5117	0	0a0	000000
20000000A062231	secondFILE	bc030.source.aa	secondFILE28.0004	0	0	secondFILE-0	00	603479	5357	0	0a0	000000
20000000A102217	secondFILE	bc164.source.aa	secondFILE98.0015	0	0	secondFILE-0	00	603479	4304	0	0a0	000000
20000000A102213	secondFILE	mc217.source.aa	secondFILE98.0009	0	0	secondFILE-0	00	603479	4485	0	0a0	000000
20000000A100004	secondFILE	mc039.source.aa	secondFILE98.0004	0	0	secondFILE-0	00	603479	4485	0	0a0	000000
20000000A100004	secondFILE	mc095.source.aa	secondFILE98.0001	0	0	secondFILE-0	00	603479	4485	0	0a0	000000
20000000A102204	secondFILE	mc122.source.aa	secondFILE98.0007	0	0	secondFILE-0	00	603479	4515	0	0a0	000000
20000000A102205	secondFILE	mc209.source.aa	secondFILE98.0011	0	0	secondFILE-0	00	603479	4515	0	0a0	000000
20000000A102204	secondFILE	mc026.source.aa	secondFILE98.0005	0	0	secondFILE-0	00	603479	4635	0	0a0	000000
20000000A100001	secondFILE	mc234.source.aa	secondFILE98.0010	0	0	secondFILE-0	00	603479	4725	0	0a0	000000
20000000A100004	secondFILE	mc236.source.aa	secondFILE98.0012	0	0	secondFILE-0	00	603479	4755	0	0a0	000000
20000000A100009	secondFILE	mc105.source.aa	secondFILE98.0003	0	0	secondFILE-0	00	603479	4755	0	0a0	000000
20000000A102233	secondFILE	mc099.source.aa	secondFILE98.0006	0	0	secondFILE-0	00	603479	4755	0	0a0	000000
20000000A100006	secondFILE	mc079.source.aa	secondFILE98.0008	0	0	secondFILE-0	00	603479	4786	0	0a0	000000
20000000A102233	secondFILE	mc063.source.aa	secondFILE98.0002	0	0	secondFILE-0	00	603479	4785	0	0a0	000000
20000000A102212	secondFILE	bc099.source.aa	secondFILE98.0014	0	0	secondFILE-0	00	603479	4906	0	0a0	000000
20000000A100005	secondFILE	bc103.source.aa	secondFILE98.0013	0	0	secondFILE-0	00	603479	5177	0	0a0	000000
20000000A222204	secondFILE	bc130.source.aa	secondFILE82.0002	0	0	secondFILE-0	00	603479	3703	0	0a0	000000
20000000A222210	secondFILE	bc127.source.aa	secondFILE82.0004	0	0	secondFILE-0	00	603479	3768	0	0a0	000000
20000000A222206	secondFILE	bc133.source.aa	secondFILE82.0003	0	0	secondFILE-0	00	603479	4334	0	0a0	000000
20000000A222219	secondFILE	mc252.source.aa	secondFILE82.0007	0	0	secondFILE-0	00	603479	4485	0	0a0	000000
20000000A222213	secondFILE	mc104.source.aa	secondFILE82.0009	0	0	secondFILE-0	00	603479	4544	0	0a0	000000
20000000A222228	secondFILE	mc187.source.aa	secondFILE82.0006	0	0	secondFILE-0	00	603479	4545	0	0a0	000000
20000000A222216	secondFILE	mc003.source.aa	secondFILE82.0011	0	0	secondFILE-0	00	603479	4785	0	0a0	000000
20000000A222218	secondFILE	mc014.source.aa	secondFILE82.0010	0	0	secondFILE-0	00	603479	4785	0	0a0	000000
20000000A222221	secondFILE	mc123.source.aa	secondFILE82.0012	0	0	secondFILE-0	00	603479	4785	0	0a0	000000
20000000A222230	secondFILE	mc124.source.aa	secondFILE82.0013	0	0	secondFILE-0	00	603479	4785	0	0a0	000000
20000000A222220	secondFILE	bc104.source.aa	secondFILE82.0015	0	0	secondFILE-0	00	603479	4876	0	0a0	000000
20000000A222205	secondFILE	bc033.source.aa	secondFILE82.0005	0	0	secondFILE-0	00	603479	5176	0	0a0	000000
20000000A222225	secondFILE	bc017.source.aa	secondFILE82.0001	0	0	secondFILE-0	00	603479	5177	0	0a0	000000
20000000A222225	secondFILE	bc030.source.aa	secondFILE82.0008	0	0	secondFILE-0	00	603479	5327	0	0a0	000000
20000000A222223	secondFILE	bc118.source.aa	secondFILE82.0014	0	0	secondFILE-0	00	603479	8663	0	0a0	000000
20000000A000027	secondFILE	bc161.source.aa	secondFILE88.0015	0	0	secondFILE-0	00	603479	3613	0	0a0	000000
20000000A000025	secondFILE	bc163.source.aa	secondFILE88.0014	0	0	secondFILE-0	00	603479	3733	0	0a0	000000
20000000A000019	secondFILE	mc066.source.aa	secondFILE88.0005	0	0	secondFILE-0	00	603479	4484	0	0a0	000000
20000000A000019	secondFILE	mc121.source.aa	secondFILE88.0002	0	0	secondFILE-0	00	603479	4484	0	0a0	000000
20000000A000026	secondFILE	mc016.source.aa	secondFILE88.0003	0	0	secondFILE-0	00	603479	4484	0	0a0	000000
20000000A000028	secondFILE	mc026.source.aa	secondFILE88.0007	0	0	secondFILE-0	00	603479	4484	0	0a0	000000
20000000A000017	secondFILE	mc034.source.aa	secondFILE88.0006	0	0	secondFILE-0	00	603479	4605	0	0a0	000000
20000000A000026	secondFILE	mc169.source.aa	secondFILE88.0001	0	0	secondFILE-0	00	603479	4605	0	0a0	000000
20000000A000031	secondFILE	mc205.source.aa	secondFILE88.0009	0	0	secondFILE-0	00	603479	4726	0	0a0	000000
20000000A000012	secondFILE	mc085.source.aa	secondFILE88.0004	0	0	secondFILE-0	00	603479	4755	0	0a0	000000
20000000A000016	secondFILE	mc152.source.aa	secondFILE88.0012	0	0	secondFILE-0	00	603479	4755	0	0a0	000000
20000000A000004	secondFILE	mc020.source.aa	secondFILE88.0008	0	0	secondFILE-0	00	603479	4785	0	0a0	000000
20000000A000025	secondFILE	mc209.source.aa	secondFILE88.0013	0	0	secondFILE-0	00	603479	4875	0	0a0	000000
20000000A000026	secondFILE	bc089.source.aa	secondFILE88.0010	0	0	secondFILE-0	00	603479	4967	0	0a0	000000
20000000A000010	secondFILE	bc083.source.aa	secondFILE88.0011	0	0	secondFILE-0	00	603479	5147	0	0a0	000000
20000000A062211	secondFILE	bc151.source.aa	secondFILE91.0015	0	0	secondFILE-0	00	603479	3797	0	0a0	000000
20000000A062210	secondFILE	bc137.source.aa	secondFILE91.0001	0	0	secondFILE-0	00	603479	3913	0	0a0	000000
20000000A062214	secondFILE	mc054.source.aa	secondFILE91.0008	0	0	secondFILE-0	00	603479	4485	0	0a0	000000
20000000A062214	secondFILE	mc004.source.aa	secondFILE91.0010	0	0	secondFILE-0	00	603479	4485	0	0a0	000000
20000000A062223	secondFILE	mc224.source.aa	secondFILE91.0011	0	0	secondFILE-0	00	603479	4485	0	0a0	000000
20000000A062219	secondFILE	mc164.source.aa	secondFILE91.0014	0	0	secondFILE-0	00	603479	4515	0	0a0	000000
20000000A062233	secondFILE	mc046.source.aa	secondFILE91.0007	0	0	secondFILE-0	00	603479	4514	0	0a0	000000
20000000A062209	secondFILE	mc206.source.aa	secondFILE91.0012	0	0	secondFILE-0	00	603479	4545	0	0a0	000000
20000000A062211	secondFILE	mc094.source.aa	secondFILE91.0006	0	0	secondFILE-0	00	603479	4545	0	0a0	000000
20000000A062226	secondFILE	mc193.source.aa	secondFILE91.0002	0	0	secondFILE-0	00	603479	4695	0	0a0	000000
20000000A062213	secondFILE	mc251.source.aa	secondFILE91.0003	0	0	secondFILE-0	00	603479	4755	0	0a0	000000
20000000A062215	secondFILE	mc037.source.aa	secondFILE91.0004	0	0	secondFILE-0	00	603479	4755	0	0a0	000000
20000000A062217	secondFILE	mc139.source.aa	secondFILE91.0005	0	0	secondFILE-0	00	603479	4755	0	0a0	000000
20000000A062225	secondFILE	mc111.source.aa	secondFILE91.0009	0	0	secondFILE-0	00	603479	4755	0	0a0	000000
20000000A062206	secondFILE	bc085.source.aa	secondFILE91.0013	0	0	secondFILE-0	00	603479	5117	0	0a0	000000
